langtitel;kurztitel;veranstaltungsjahr;veranstaltungsmonat;startdatum;enddatum;stadt;land;messegelaende;turnus;branchenschwerpunkte;veranstaltername;messetyp;nettoflaeche;aussteller_gesamt;aussteller_inland;aussteller_ausland;besucher_gesamt;besucher_inland;besucher_ausland
bauma CONEXPO INDIA - International Trade Fair for Construction Machinery, Building Material Machines, Mining Machines and Construction Vehicles;bauma CONEXPO INDIA;2024;12;11.12.2024;14.12.2024;New Delhi;Indien;India Expo Centre and Mart, Greater Noida;zweijährlich;Bautechnik, Baustoffe, Baumaschinen, Innenausbau (Branche 09);bC Expo India Pvt. Ltd.;Fachbesucher;;984;883;101;51118;50496;622
bauma CONEXPO INDIA - International Trade Fair for Construction Machinery, Building Material Machines, Mining Machines and Construction Vehicles;bauma CONEXPO INDIA;2023;1;31.01.2023;03.02.2023;New Delhi;Indien;India Expo Centre and Mart, Greater Noida;zweijährlich;Bautechnik, Baustoffe, Baumaschinen, Innenausbau (Branche 09);bC Expo India Pvt. Ltd.;Fachbesucher;42335;601;548;53;41108;40069;1039
bauma CONEXPO INDIA - International Trade Fair for Construction Machinery, Building Material Machines, Mining Machines and Construction Vehicles;bauma CONEXPO INDIA;2018;12;11.12.2018;14.12.2018;Gurgaon / Delhi;Indien;HUDA Ground;zweijährlich;"Bautechnik, Baustoffe, Baumaschinen, Innenausbau (Branche 09); Bergbau, Geodäsie, Geoinformation (Branche 12)";bC Expo India Pvt. Ltd.;Fachbesucher;;;;;;;
logitrans - International Transport Logistics Exhibition;logitrans;2025;11;19.11.2025;21.11.2025;Istanbul;Türkei;Yenikapi Eurasia Show and Art Center;jährlich;"Transport und Verkehr (Branche 83); Logistik, Antriebs-, Förder- und Lagertechnik (Branche 55)";EKO MMI Fuarcilik Ltd. Sti.;Fach- und Privatbesucher;;235;138;97;16510;15214;1296
logitrans - International Transport Logistics Exhibition;logitrans;2024;11;20.11.2024;22.11.2024;Istanbul;Türkei;Yenikapi Eurasia Show and Art Center;jährlich;"Transport und Verkehr (Branche 83); Logistik, Antriebs-, Förder- und Lagertechnik (Branche 55)";EKO MMI Fuarcilik Ltd. Sti.;Fach- und Privatbesucher;7280;203;117;86;14332;12911;1421
logitrans - International Transport Logistics Exhibition;logitrans;2023;11;15.11.2023;17.11.2023;Istanbul;Türkei;Yenikapi Eurasia Show and Art Center;jährlich;"Transport und Verkehr (Branche 83); Logistik, Antriebs-, Förder- und Lagertechnik (Branche 55)";EKO MMI Fuarcilik Ltd. Sti.;Fach- und Privatbesucher;7324;201;;;12000;;
logitrans - International Transport Logistics Exhibition;logitrans;2022;11;16.11.2022;18.11.2022;Istanbul;Türkei;Yenikapi Eurasia Show and Art Center;jährlich;"Transport und Verkehr (Branche 83); Logistik, Antriebs-, Förder- und Lagertechnik (Branche 55)";EKO MMI Fuarcilik Ltd. Sti.;Fach- und Privatbesucher;7077;171;84;87;16724;14660;2064
logitrans - International Transport Logistics Exhibition;logitrans;2021;11;10.11.2021;12.11.2021;Istanbul;Türkei;Istanbul Expo Center;jährlich;"Transport und Verkehr (Branche 83); Logistik, Antriebs-, Förder- und Lagertechnik (Branche 55)";EKO MMI Fuarcilik Ltd. Sti.;Fach- und Privatbesucher;;;;;;;
logitrans - International Transport Logistics Exhibition;logitrans;2019;11;13.11.2019;15.11.2019;Istanbul;Türkei;Istanbul Expo Center;jährlich;"Transport und Verkehr (Branche 83); Logistik, Antriebs-, Förder- und Lagertechnik (Branche 55)";EKO MMI Fuarcilik Ltd. Sti.;Fach- und Privatbesucher;;;;;;;
logitrans - International Transport Logistics Exhibition;logitrans;2018;11;14.11.2018;16.11.2018;Istanbul;Türkei;Istanbul Expo Center;jährlich;"Transport und Verkehr (Branche 83); Logistik, Antriebs-, Förder- und Lagertechnik (Branche 55)";EKO MMI Fuarcilik Ltd. Sti.;Fach- und Privatbesucher;;;;;;;
IFAT Brasil - Brasil's Leading Trade Fair for Water, Sewage, Drainage and Waste recovery solutions;IFAT Brasil;2025;6;25.06.2025;27.06.2025;Sao Paulo;Brasilien;São Paulo Expo Exhibition & Convention Center;zweijährlich;Städtereinigung, Wassertechnik, Entsorgung, Kommunale Dienstleistungen (Branche 45);Messe Muenchen do Brasil Feiras Ltda.;Fachbesucher;6577;228;150;78;;;
IFAT Brasil - Brasil's Leading Trade Fair for Water, Sewage, Drainage and Waste recovery solutions;IFAT Brasil;2024;4;24.04.2024;26.04.2024;Sao Paulo;Brasilien;São Paulo Expo Exhibition & Convention Center;jährlich;Städtereinigung, Wassertechnik, Entsorgung, Kommunale Dienstleistungen (Branche 45);Messe Muenchen do Brasil Feiras Ltda.;Fachbesucher;4397;148;89;59;;;
M&T EXPO - International Trade Fair for Construction and Mining Equipment;M&T EXPO;2024;4;23.04.2024;26.04.2024;Sao Paulo;Brasilien;São Paulo Expo Exhibition & Convention Center;dreijährlich;"Bautechnik, Baustoffe, Baumaschinen, Innenausbau (Branche 09); Bergbau, Geodäsie, Geoinformation (Branche 12)";Messe Muenchen do Brasil Feiras Ltda.;Fachbesucher;;465;203;262;19335;18782;553
M&T EXPO - International Trade Fair for Construction and Mining Equipment;M&T EXPO;2022;8;30.08.2022;02.09.2022;Sao Paulo;Brasilien;São Paulo Expo Exhibition & Convention Center;dreijährlich;"Bautechnik, Baustoffe, Baumaschinen, Innenausbau (Branche 09); Bergbau, Geodäsie, Geoinformation (Branche 12)";Messe Muenchen do Brasil Feiras Ltda.;Fachbesucher;;145;135;10;10745;10554;191
Smart.Con - Construction of Tomorrow | Technology and Innovation;Smart.Con;2021;7;06.07.2021;07.07.2021;Sao Paulo;Brasilien;São Paulo Expo Exhibition & Convention Center;zweijährlich;Bautechnik, Baustoffe, Baumaschinen, Innenausbau (Branche 09);Messe Muenchen do Brasil Feiras Ltda.;Fachbesucher;;;;;;;
Air Cargo India - International Exhibition for the Air Cargo Industry;Air Cargo India;2024;2;14.02.2024;16.02.2024;Mumbai (Bombay);Indien;Jio World Convention Center;zweijährlich;"Transport und Verkehr (Branche 83); Logistik, Antriebs-, Förder- und Lagertechnik (Branche 55)";Messe Muenchen India Pvt. Ltd.;Fach- und Privatbesucher;1622;50;34;16;;;
alaytica Lab India Mumbai (former analytica Anacon India / India Lab Expo Mumbai) - International Trade Fair for Laboratory Technology, Analysis, Biotechnology and Diagnostics;alaytica Lab India Mumbai (former analytica Anacon India / India Lab Expo Mumbai);2026;4;22.04.2026;24.04.2026;Mumbai (Bombay);Indien;Bombay Exhibition Centre (BEC);jährlich;Labortechnik, Biotechnologie (Branche 64);Messe Muenchen India Pvt. Ltd.;Fachbesucher;;;;;;;
alaytica Lab India Mumbai (former analytica Anacon India / India Lab Expo Mumbai) - International Trade Fair for Laboratory Technology, Analysis, Biotechnology and Diagnostics;alaytica Lab India Mumbai (former analytica Anacon India / India Lab Expo Mumbai);2025;4;23.04.2025;25.04.2025;Mumbai (Bombay);Indien;Bombay Exhibition Centre (BEC);jährlich;Labortechnik, Biotechnologie (Branche 64);Messe Muenchen India Pvt. Ltd.;Fachbesucher;3857;167;159;8;6502;6412;90
analytica Anacon India / India Lab Expo - International Trade Fair for Laboratory Technology, Analysis, Biotechnology and Diagnostics;analytica Anacon India / India Lab Expo;2022;9;15.09.2022;17.09.2022;Hyderabad;Indien;HITEX Exhibition Center;jährlich;Labortechnik, Biotechnologie (Branche 64);Messe Muenchen India Pvt. Ltd.;Fachbesucher;4844;192;191;1;16039;16022;17
analytica Anacon India / India Lab Expo - International Trade Fair for Laboratory Technology, Analysis, Biotechnology and Diagnostics;analytica Anacon India / India Lab Expo;2022;4;20.04.2022;21.04.2022;Mumbai (Bombay);Indien;Bombay Exhibition Centre (BEC);jährlich;Labortechnik, Biotechnologie (Branche 64);Messe Muenchen India Pvt. Ltd.;Fachbesucher;1369;81;81;0;3999;;
analytica Anacon India / India Lab Expo - International Trade Fair for Laboratory Technology, Analysis, Biotechnology and Diagnostics;analytica Anacon India / India Lab Expo;2021;12;16.12.2021;18.12.2021;Hyderabad;Indien;HITEX Exhibition Center;jährlich;Labortechnik, Biotechnologie (Branche 64);Messe Muenchen India Pvt. Ltd.;Fachbesucher;;;;;;;
analytica Anacon India / India Lab Expo - International Trade Fair for Laboratory Technology, Analysis, Biotechnology and Diagnostics;analytica Anacon India / India Lab Expo;2019;4;16.04.2019;17.04.2019;Mumbai (Bombay);Indien;Bombay Exhibition Centre (BEC);jährlich;Labortechnik, Biotechnologie (Branche 64);Messe Muenchen India Pvt. Ltd.;Fachbesucher;;;;;;;
analytica Anacon India / India Lab Expo - International Trade Fair for Laboratory Technology, Analysis, Biotechnology and Diagnostics;analytica Anacon India / India Lab Expo;2019;9;19.09.2019;21.09.2019;Hyderabad;Indien;HITEX Exhibition Center;jährlich;Labortechnik, Biotechnologie (Branche 64);Messe Muenchen India Pvt. Ltd.;Fachbesucher;;;;;;;
analytica Anacon India / India Lab Expo - International Trade Fair and Conference for Analytical Instrumentation, Life Sciences, Laboratory Technology and Services;analytica Anacon India / India Lab Expo;2018;9;06.09.2018;08.09.2018;Hyderabad;Indien;HITEX Exhibition Center;jährlich;Labortechnik, Biotechnologie (Branche 64);Messe Muenchen India Pvt. Ltd.;Fachbesucher;;;;;;;
analytica Anacon India / India Lab Expo Hyderabad - International Trade Fair for Laboratory Technology, Analysis, Biotechnology and Diagnostics;analytica Anacon India / India Lab Expo Hyderabad;2024;9;26.09.2024;28.09.2024;Hyderabad;Indien;HITEX Exhibition Center;jährlich;Labortechnik, Biotechnologie (Branche 64);Messe Muenchen India Pvt. Ltd.;Fachbesucher;17289;537;526;11;24533;24322;211
analytica Anacon India / India Lab Expo Hyderabad - International Trade Fair for Laboratory Technology, Analysis, Biotechnology and Diagnostics;analytica Anacon India / India Lab Expo Hyderabad;2023;9;14.09.2023;16.09.2023;Hyderabad;Indien;HITEX Exhibition Center;jährlich;Labortechnik, Biotechnologie (Branche 64);Messe Muenchen India Pvt. Ltd.;Fachbesucher;6360;216;208;8;21491;21371;120
analytica Anacon India / India Lab Expo Mumbai - International Trade Fair for Laboratory Technology, Analysis, Biotechnology and Diagnostics;analytica Anacon India / India Lab Expo Mumbai;2024;4;15.04.2024;17.04.2024;Mumbai (Bombay);Indien;Bombay Exhibition Centre (BEC);jährlich;Labortechnik, Biotechnologie (Branche 64);Messe Muenchen India Pvt. Ltd.;Fachbesucher;3460;165;161;4;6024;5941;83
analytica Anacon India / India Lab Expo Mumbai - International Trade Fair for Laboratory Technology, Analysis, Biotechnology and Diagnostics;analytica Anacon India / India Lab Expo Mumbai;2023;4;27.04.2023;28.04.2023;Mumbai (Bombay);Indien;Bombay Exhibition Centre (BEC);jährlich;Labortechnik, Biotechnologie (Branche 64);Messe Muenchen India Pvt. Ltd.;Fachbesucher;2521;122;120;2;5218;5172;46
analytica Lab Africa;analytica Lab Africa;2025;7;08.07.2025;10.07.2025;Midrand/Johannesburg;Südafrika;Gallagher Convention Centre;zweijährlich;Labortechnik, Biotechnologie (Branche 64);Messe Muenchen India Pvt. Ltd.;Fachbesucher;3013;100;76;24;5641;5320;321
analytica Lab Africa;analytica Lab Africa;2023;7;05.07.2023;07.07.2023;Midrand/Johannesburg;Südafrika;Gallagher Convention Centre;zweijährlich;Labortechnik, Biotechnologie (Branche 64);Messe Muenchen India Pvt. Ltd.;;;107;65;42;4762;4706;56
analytica Lab India Hyderabad - International Trade Fair for Laboratory Technology, Analysis, Biotechnology and Diagnostics;analytica Lab India Hyderabad;2025;9;18.09.2025;20.09.2025;Hyderabad;Indien;HITEX Exhibition Center;zweimal jährlich an wechselnden Orten;Labortechnik, Biotechnologie (Branche 64);Messe Muenchen India Pvt. Ltd.;Fachbesucher;8951;288;280;8;8772;8681;91
analytica Lab India Mumbai - International Trade Fair for Laboratory Technology, Analysis, Biotechnology and Diagnostics;analytica Lab India Mumbai;2026;4;22.04.2026;24.04.2026;Mumbai (Bombay);Indien;Jio World Convention Center;zweimal jährlich an wechselnden Orten;Labortechnik, Biotechnologie (Branche 64);Messe Muenchen India Pvt. Ltd.;Fachbesucher;4325;157;156;1;6998;6891;107
analytica Lab India Mumbai - International Trade Fair for Laboratory Technology, Analysis, Biotechnology and Diagnostics;analytica Lab India Mumbai;2025;4;23.04.2025;25.04.2025;Mumbai (Bombay);Indien;Jio World Convention Center;zweimal jährlich an wechselnden Orten;Labortechnik, Biotechnologie (Branche 64);Messe Muenchen India Pvt. Ltd.;Fachbesucher;3857;167;159;8;6502;6412;90
drink technology India - International trade fair for the beverage, dairy and liquid food technology;drink technology India;2024;10;23.10.2024;25.10.2024;Mumbai (Bombay);Indien;Bombay Exhibition Centre (BEC);jährlich;Nahrungsmittel- und Verpackungsmaschinen (Branche 61);Messe Muenchen India Pvt. Ltd.;Fachbesucher;9100;279;263;16;14756;14580;176
drink technology India - International trade fair for the beverage, dairy and liquid food technology;drink technology India;2023;10;04.10.2023;06.10.2023;New Delhi;Indien;Pragati Maidan;jährlich an wechselnden Orten;Nahrungsmittel- und Verpackungsmaschinen (Branche 61);Messe Muenchen India Pvt. Ltd.;Fachbesucher;7200;215;204;11;11261;11116;145
drink technology India - International trade fair for the beverage, dairy and liquid food technology;drink technology India;2022;12;07.12.2022;09.12.2022;Mumbai (Bombay);Indien;Bombay Exhibition Centre (BEC);jährlich an wechselnden Orten;Nahrungsmittel- und Verpackungsmaschinen (Branche 61);Messe Muenchen India Pvt. Ltd.;Fachbesucher;6041;;;;13204;;
drink technology India - International trade fair for the beverage, dairy and liquid food technology;drink technology India;2021;12;02.12.2021;04.12.2021;Gandhinagar;Indien;Helipad Exhibition & Convention Center;jährlich an wechselnden Orten;Nahrungsmittel- und Verpackungsmaschinen (Branche 61);Messe Muenchen India Pvt. Ltd.;Fachbesucher;;;;;;;
drink technology India - International trade fair for the beverage, dairy and liquid food technology;drink technology India;2020;12;09.12.2020;11.12.2020;New Delhi;Indien;NSIC Exhibition Complex, Okhla Industrial Estate;jährlich an wechselnden Orten;Nahrungsmittel- und Verpackungsmaschinen (Branche 61);Messe Muenchen India Pvt. Ltd.;Fachbesucher;;;;;;;
drink technology India - International trade fair for the beverage, dairy and liquid food technology;drink technology India;2019;12;12.12.2019;14.12.2019;New Delhi;Indien;NSIC Exhibition Complex, Okhla Industrial Estate;jährlich an wechselnden Orten;Nahrungsmittel- und Verpackungsmaschinen (Branche 61);Messe Muenchen India Pvt. Ltd.;Fachbesucher;;;;;;;
drink technology India - International trade fair for the beverage, dairy and liquid food technology;drink technology India;2019;4;10.04.2019;12.04.2019;Bangalore;Indien;BIEC Bangalore International Exhibition Centre;jährlich an wechselnden Orten;Nahrungsmittel- und Verpackungsmaschinen (Branche 61);Messe Muenchen India Pvt. Ltd.;Fachbesucher;;;;;;;
drink technology India - International trade fair for beverage and liquid food technology;drink technology India;2018;10;24.10.2018;26.10.2018;Mumbai (Bombay);Indien;Bombay Exhibition Centre (BEC);jährlich;Nahrungsmittel- und Verpackungsmaschinen (Branche 61);Messe Muenchen India Pvt. Ltd.;Fachbesucher;;;;;;;
electronica India - International Trade Fair for Electronic Components, Systems, Applications and Solutions;electronica India;2025;9;17.09.2025;19.09.2025;Bangalore;Indien;BIEC Bangalore International Exhibition Centre;jährlich an wechselnden Orten;Elektrotechnik, Elektronik (Branche 22);Messe Muenchen India Pvt. Ltd.;Fachbesucher;26007;617;355;262;27247;26343;904
electronica India - International Trade Fair for Electronic Components, Systems, Applications and Solutions;electronica India;2024;9;18.09.2024;20.09.2024;New Delhi;Indien;India Expo Centre and Mart, Greater Noida;jährlich an wechselnden Orten;Elektrotechnik, Elektronik (Branche 22);Messe Muenchen India Pvt. Ltd.;Fachbesucher;19888;562;418;144;45532;44883;649
electronica India - International Trade Fair for Electronic Components, Systems, Applications and Solutions;electronica India;2023;9;13.09.2023;15.09.2023;Bangalore;Indien;BIEC Bangalore International Exhibition Centre;jährlich an wechselnden Orten;Elektrotechnik, Elektronik (Branche 22);Messe Muenchen India Pvt. Ltd.;Fachbesucher;16967;589;443;146;39133;38365;768
electronica India - International Trade Fair for Electronic Components, Systems, Applications and Solutions;electronica India;2022;9;21.09.2022;23.09.2022;New Delhi;Indien;India Expo Centre and Mart, Greater Noida;jährlich an wechselnden Orten;Elektrotechnik, Elektronik (Branche 22);Messe Muenchen India Pvt. Ltd.;Fachbesucher;10157;343;315;28;20942;20749;193
electronica India - International Trade Fair for Electronic Components, Systems, Applications and Solutions;electronica India;2021;12;16.12.2021;18.12.2021;Bangalore;Indien;BIEC Bangalore International Exhibition Centre;jährlich an wechselnden Orten;Elektrotechnik, Elektronik (Branche 22);Messe Muenchen India Pvt. Ltd.;Fachbesucher;;;;;;;
electronica India - electronica India;electronica India;2020;12;09.12.2020;11.12.2020;New Delhi;Indien;India Expo Centre and Mart, Greater Noida;jährlich an wechselnden Orten;Elektrotechnik, Elektronik (Branche 22);Messe Muenchen India Pvt. Ltd.;Fachbesucher;;;;;;;
electronica India - North Edition - International Trade Fair for Electronic Components, Systems, Applications and Solutions;electronica India - North Edition;2026;4;08.04.2026;10.04.2026;New Delhi;Indien;India Expo Centre and Mart, Greater Noida;jährlich;Elektrotechnik, Elektronik (Branche 22);Messe Muenchen India Pvt. Ltd.;Fachbesucher;;;;;;;
electronica India & productronica India;electronica India & productronica India;2019;9;25.09.2019;27.09.2019;New Delhi;Indien;India Expo Centre and Mart, Greater Noida;jährlich an wechselnden Orten;"Elektrotechnik, Elektronik (Branche 22); C-Techniken, Fertigungsautomatisierung, Mess-, Regel- und Steuertechnik (Branche 19)";Messe Muenchen India Pvt. Ltd.;Fachbesucher;;;;;;;
electronica India & productronica India;electronica India & productronica India;2018;9;26.09.2018;28.09.2018;Bangalore;Indien;BIEC Bangalore International Exhibition Centre;jährlich an wechselnden Orten;"Elektrotechnik, Elektronik (Branche 22); C-Techniken, Fertigungsautomatisierung, Mess-, Regel- und Steuertechnik (Branche 19)";Messe Muenchen India Pvt. Ltd.;Fachbesucher;;;;;;;
IFAT Africa - Africa's Leading Trade Fair for Water, Sewage, Refuse and Recycling;IFAT Africa;2025;7;08.07.2025;10.07.2025;Midrand/Johannesburg;Südafrika;Gallagher Convention Centre;zweijährlich;Umwelt und  Klimaschutz (Branche 86);Messe Muenchen India Pvt. Ltd.;Fachbesucher;2840;160;46;114;3017;2881;136
IFAT Africa - Africa's Leading Trade Fair for Water, Sewage, Refuse and Recycling;IFAT Africa;2023;7;05.07.2023;07.07.2023;Midrand/Johannesburg;Südafrika;Gallagher Convention Centre;zweijährlich;Umwelt und  Klimaschutz (Branche 86);Messe Muenchen India Pvt. Ltd.;Fachbesucher;2301;125;63;62;4452;4227;225
IFAT Delhi - India's Leading Trade Fair for Water, Sewage, Solid Waste and Recycling;IFAT Delhi;2026;4;22.04.2026;24.04.2026;New Delhi;Indien;Bharat Mandapam;jährlich;"Städtereinigung, Wassertechnik, Entsorgung, Kommunale Dienstleistungen (Branche 45); Umwelt und  Klimaschutz (Branche 86)";Messe Muenchen India Pvt. Ltd.;Fachbesucher;;77;74;3;2972;2934;38
IFAT Delhi - India's Leading Trade Fair for Water, Sewage, Solid Waste and Recycling;IFAT Delhi;2020;1;29.01.2020;31.01.2020;New Delhi;Indien;India Habitat Centre;jährlich;"Städtereinigung, Wassertechnik, Entsorgung, Kommunale Dienstleistungen (Branche 45); Umwelt und  Klimaschutz (Branche 86)";Messe Muenchen India Pvt. Ltd.;Fachbesucher;;;;;;;
IFAT India - India's Leading Trade Fair for Water, Sewage, Solid Waste and Recycling;IFAT India;2025;10;14.10.2025;16.10.2025;Mumbai (Bombay);Indien;Bombay Exhibition Centre (BEC);jährlich;"Städtereinigung, Wassertechnik, Entsorgung, Kommunale Dienstleistungen (Branche 45); Umwelt und  Klimaschutz (Branche 86)";Messe Muenchen India Pvt. Ltd.;Fachbesucher;15344;568;375;193;18043;17765;278
IFAT India - India's Leading Trade Fair for Water, Sewage, Solid Waste and Recycling;IFAT India;2024;10;16.10.2024;18.10.2024;Mumbai (Bombay);Indien;Bombay Exhibition Centre (BEC);jährlich;"Städtereinigung, Wassertechnik, Entsorgung, Kommunale Dienstleistungen (Branche 45); Umwelt und  Klimaschutz (Branche 86)";Messe Muenchen India Pvt. Ltd.;Fachbesucher;14695;488;322;166;17184;16974;210
IFAT India - India's Leading Trade Fair for Water, Sewage, Solid Waste and Recycling;IFAT India;2023;10;17.10.2023;19.10.2023;Mumbai (Bombay);Indien;Bombay Exhibition Centre (BEC);jährlich;"Städtereinigung, Wassertechnik, Entsorgung, Kommunale Dienstleistungen (Branche 45); Umwelt und  Klimaschutz (Branche 86)";Messe Muenchen India Pvt. Ltd.;Fachbesucher;11340;396;273;123;14100;13918;182
IFAT India - India's Leading Trade Fair for Water, Sewage, Solid Waste and Recycling;IFAT India;2022;9;28.09.2022;30.09.2022;Mumbai (Bombay);Indien;Bombay Exhibition Centre (BEC);jährlich;"Städtereinigung, Wassertechnik, Entsorgung, Kommunale Dienstleistungen (Branche 45); Umwelt und  Klimaschutz (Branche 86)";Messe Muenchen India Pvt. Ltd.;Fachbesucher;7141;258;155;103;9289;9225;64
IFAT India - India's Leading Trade Fair for Water, Sewage, Solid Waste and Recycling;IFAT India;2021;12;02.12.2021;04.12.2021;Gandhinagar;Indien;Helipad Exhibition & Convention Center;jährlich;"Städtereinigung, Wassertechnik, Entsorgung, Kommunale Dienstleistungen (Branche 45); Umwelt und  Klimaschutz (Branche 86)";Messe Muenchen India Pvt. Ltd.;Fachbesucher;;;;;;;
IFAT India - India's Leading Trade Fair for Water, Sewage, Solid Waste and Recycling;IFAT India;2019;10;16.10.2019;18.10.2019;Mumbai (Bombay);Indien;Bombay Exhibition Centre (BEC);jährlich;"Städtereinigung, Wassertechnik, Entsorgung, Kommunale Dienstleistungen (Branche 45); Umwelt und  Klimaschutz (Branche 86)";Messe Muenchen India Pvt. Ltd.;Fachbesucher;;;;;;;
IFAT India - India's Leading Trade Fair for Water, Sewage, Solid Waste and Recycling;IFAT India;2018;10;15.10.2018;17.10.2018;Mumbai (Bombay);Indien;Bombay Exhibition Centre (BEC);jährlich;"Städtereinigung, Wassertechnik, Entsorgung, Kommunale Dienstleistungen (Branche 45); Umwelt und  Klimaschutz (Branche 86)";Messe Muenchen India Pvt. Ltd.;Fachbesucher;;;;;;;
Indian Ceramics - Annual Ceramic Materials, Machinery, Supplies & Technology Show;Indian Ceramics;2019;2;27.02.2019;01.03.2019;Gandhinagar;Indien;Helipad Exhibition & Convention Center;jährlich;Bautechnik, Baustoffe, Baumaschinen, Innenausbau (Branche 09);Messe Muenchen India Pvt. Ltd.;Fachbesucher;;;;;;;
Indian Ceramics - Annual Ceramic Materials, Machinery, Supplies & Technology Show;Indian Ceramics;2018;3;07.03.2018;09.03.2018;Gandhinagar;Indien;Helipad Exhibition & Convention Center;jährlich;Bautechnik, Baustoffe, Baumaschinen, Innenausbau (Branche 09);Messe Muenchen India Pvt. Ltd.;Fachbesucher;;;;;;;
Indian Ceramics Asia - India's Annual Ceramic & Brick Materials, Machinery, Supplies & Technology Show;Indian Ceramics Asia;2026;1;28.01.2026;30.01.2026;Gandhinagar;Indien;Helipad Exhibition & Convention Center;jährlich;Bautechnik, Baustoffe, Baumaschinen, Innenausbau (Branche 09);Messe Muenchen India Pvt. Ltd.;Fachbesucher;;88;79;9;6174;6009;165
Indian Ceramics Asia - India's Annual Ceramic & Brick Materials, Machinery, Supplies & Technology Show;Indian Ceramics Asia;2025;3;05.03.2025;07.03.2025;Gandhinagar;Indien;Helipad Exhibition & Convention Center;jährlich;Bautechnik, Baustoffe, Baumaschinen, Innenausbau (Branche 09);Messe Muenchen India Pvt. Ltd.;Fachbesucher;;117;104;13;2401;2278;123
Indian Ceramics Asia - India's Annual Ceramic & Brick Materials, Machinery, Supplies & Technology Show;Indian Ceramics Asia;2024;3;06.03.2024;08.03.2024;Gandhinagar;Indien;Helipad Exhibition & Convention Center;jährlich;Bautechnik, Baustoffe, Baumaschinen, Innenausbau (Branche 09);Messe Muenchen India Pvt. Ltd.;Fachbesucher;8343;189;148;41;8221;8039;182
Indian Ceramics Asia - India's Annual Ceramic & Brick Materials, Machinery, Supplies & Technology Show;Indian Ceramics Asia;2023;2;15.02.2023;17.02.2023;Gandhinagar;Indien;the exhibition centre near mahatma mandir;jährlich;Bautechnik, Baustoffe, Baumaschinen, Innenausbau (Branche 09);Messe Muenchen India Pvt. Ltd.;Fachbesucher;5648;156;110;46;7221;7059;162
Indian Ceramics Asia - India's Annual Ceramic & Brick Materials, Machinery, Supplies & Technology Show;Indian Ceramics Asia;2022;4;06.04.2022;08.04.2022;Gandhinagar;Indien;the exhibition centre near mahatma mandir;jährlich;Bautechnik, Baustoffe, Baumaschinen, Innenausbau (Branche 09);Messe Muenchen India Pvt. Ltd.;Fachbesucher;;94;65;29;6437;6038;399
Indian Ceramics Asia - India's Annual Ceramic & Brick Materials, Machinery, Supplies & Technology Show;Indian Ceramics Asia;2020;3;03.03.2020;05.03.2020;Gandhinagar;Indien;the exhibition centre near mahatma mandir;jährlich;Bautechnik, Baustoffe, Baumaschinen, Innenausbau (Branche 09);Messe Muenchen India Pvt. Ltd.;Fachbesucher;;;;;;;
LASER World of PHOTONICS INDIA - India's Platform for Laser and Optical Technologies - Components, Systems and Applications;LASER World of PHOTONICS INDIA;2025;9;17.09.2025;19.09.2025;Bangalore;Indien;BIEC Bangalore International Exhibition Centre;jährlich an wechselnden Orten;Technische Optik, Lasertechnik (Branche 75);Messe Muenchen India Pvt. Ltd.;Fachbesucher;;124;86;38;6002;5906;96
LASER World of PHOTONICS INDIA - India's Platform for Laser and Optical Technologies - Components, Systems and Applications;LASER World of PHOTONICS INDIA;2024;11;07.11.2024;09.11.2024;Mumbai (Bombay);Indien;Jio World Convention Center;jährlich an wechselnden Orten;Technische Optik, Lasertechnik (Branche 75);Messe Muenchen India Pvt. Ltd.;Fachbesucher;3313;117;80;37;;;
LASER World of PHOTONICS INDIA - India's Platform for Laser and Optical Technologies - Components, Systems and Applications;LASER World of PHOTONICS INDIA;2023;9;13.09.2023;15.09.2023;Bangalore;Indien;BIEC Bangalore International Exhibition Centre;jährlich an wechselnden Orten;Technische Optik, Lasertechnik (Branche 75);Messe Muenchen India Pvt. Ltd.;Fachbesucher;2293;109;75;34;7061;7030;31
LASER World of PHOTONICS INDIA - India's Platform for Laser and Optical Technologies - Components, Systems and Applications;LASER World of PHOTONICS INDIA;2022;12;07.12.2022;09.12.2022;Mumbai (Bombay);Indien;noch offen/not yet determined;jährlich an wechselnden Orten;Technische Optik, Lasertechnik (Branche 75);Messe Muenchen India Pvt. Ltd.;Fachbesucher;1783;90;;;5796;;
LASER World of PHOTONICS INDIA - India's Platform for Laser and Optical Technologies - Components, Systems and Applications;LASER World of PHOTONICS INDIA;2021;12;16.12.2021;18.12.2021;Bangalore;Indien;BIEC Bangalore International Exhibition Centre;jährlich an wechselnden Orten;Technische Optik, Lasertechnik (Branche 75);Messe Muenchen India Pvt. Ltd.;Fachbesucher;;;;;;;
LASER World of PHOTONICS INDIA - India's Platform for Laser and Optical Technologies - Components, Systems and Applications;LASER World of PHOTONICS INDIA;2020;12;09.12.2020;11.12.2020;Mumbai (Bombay);Indien;Bombay Exhibition Centre (BEC);jährlich an wechselnden Orten;Technische Optik, Lasertechnik (Branche 75);Messe Muenchen India Pvt. Ltd.;Fachbesucher;;;;;;;
LASER World of PHOTONICS INDIA;LASER World of PHOTONICS INDIA;2019;10;17.10.2019;19.10.2019;Mumbai (Bombay);Indien;Bombay Exhibition Centre (BEC);jährlich an wechselnden Orten;Technische Optik, Lasertechnik (Branche 75);Messe Muenchen India Pvt. Ltd.;Fachbesucher;;;;;;;
LASER World of PHOTONICS INDIA;LASER World of PHOTONICS INDIA;2018;9;26.09.2018;28.09.2018;Bangalore;Indien;BIEC Bangalore International Exhibition Centre;jährlich an wechselnden Orten;Technische Optik, Lasertechnik (Branche 75);Messe Muenchen India Pvt. Ltd.;Fachbesucher;;;;;;;
PackMach Asia Expo;PackMach Asia Expo;2025;11;13.11.2025;15.11.2025;Mumbai (Bombay);Indien;Bombay Exhibition Centre (BEC);jährlich;Nahrungsmittel- und Verpackungsmaschinen (Branche 61);Messe Muenchen India Pvt. Ltd.;Fachbesucher;;99;99;0;4392;4392;
PackMach Asia Expo;PackMach Asia Expo;2024;10;23.10.2024;25.10.2024;Mumbai (Bombay);Indien;Bombay Exhibition Centre (BEC);jährlich;Nahrungsmittel- und Verpackungsmaschinen (Branche 61);Messe Muenchen India Pvt. Ltd.;Fachbesucher;9100;279;263;16;14756;14580;176
PackMach Asia Expo;PackMach Asia Expo;2023;10;04.10.2023;06.10.2023;New Delhi;Indien;Pragati Maidan;jährlich abwechselnd in abwechselnd Mumbai/New Delhi;Nahrungsmittel- und Verpackungsmaschinen (Branche 61);Messe Muenchen India Pvt. Ltd.;Fachbesucher;7200;215;204;11;11261;11116;145
productronica India - International Trade Fair for Electronics Development and Production;productronica India;2025;9;17.09.2025;19.09.2025;Bangalore;Indien;BIEC Bangalore International Exhibition Centre;jährlich an wechselnden Orten;"Elektrotechnik, Elektronik (Branche 22); C-Techniken, Fertigungsautomatisierung, Mess-, Regel- und Steuertechnik (Branche 19)";Messe Muenchen India Pvt. Ltd.;Fachbesucher;26007;617;355;262;27247;26343;904
productronica India - International Trade Fair for Electronics Development and Production;productronica India;2024;9;18.09.2024;20.09.2024;New Delhi;Indien;India Expo Centre and Mart, Greater Noida;jährlich an wechselnden Orten;"Elektrotechnik, Elektronik (Branche 22); C-Techniken, Fertigungsautomatisierung, Mess-, Regel- und Steuertechnik (Branche 19)";Messe Muenchen India Pvt. Ltd.;Fachbesucher;19888;562;418;144;45532;44883;649
productronica India - International Trade Fair for Electronics Development and Production;productronica India;2023;9;13.09.2023;15.09.2023;Bangalore;Indien;BIEC Bangalore International Exhibition Centre;jährlich an wechselnden Orten;"Elektrotechnik, Elektronik (Branche 22); C-Techniken, Fertigungsautomatisierung, Mess-, Regel- und Steuertechnik (Branche 19)";Messe Muenchen India Pvt. Ltd.;Fachbesucher;16967;589;443;146;39133;38365;768
productronica India - International Trade Fair for Electronics Development and Production;productronica India;2022;9;21.09.2022;23.09.2022;New Delhi;Indien;India Expo Centre and Mart, Greater Noida;jährlich an wechselnden Orten;"Elektrotechnik, Elektronik (Branche 22); C-Techniken, Fertigungsautomatisierung, Mess-, Regel- und Steuertechnik (Branche 19)";Messe Muenchen India Pvt. Ltd.;Fachbesucher;10157;343;315;28;20942;20749;193
productronica India - International Trade Fair for Electronics Development and Production;productronica India;2021;12;16.12.2021;18.12.2021;Bangalore;Indien;BIEC Bangalore International Exhibition Centre;jährlich an wechselnden Orten;"Elektrotechnik, Elektronik (Branche 22); C-Techniken, Fertigungsautomatisierung, Mess-, Regel- und Steuertechnik (Branche 19)";Messe Muenchen India Pvt. Ltd.;Fachbesucher;;;;;;;
productronica India - International Trade Fair for Electronics Development and Production;productronica India;2020;12;09.12.2020;11.12.2020;Bangalore;Indien;BIEC Bangalore International Exhibition Centre;jährlich an wechselnden Orten;"Elektrotechnik, Elektronik (Branche 22); C-Techniken, Fertigungsautomatisierung, Mess-, Regel- und Steuertechnik (Branche 19)";Messe Muenchen India Pvt. Ltd.;Fachbesucher;;;;;;;
productronica India - North Edition - International Trade Fair for Electronics Development and Production;productronica India - North Edition;2026;4;08.04.2026;10.04.2026;New Delhi;Indien;India Expo Centre and Mart, Greater Noida;jährlich;"Elektrotechnik, Elektronik (Branche 22); C-Techniken, Fertigungsautomatisierung, Mess-, Regel- und Steuertechnik (Branche 19)";Messe Muenchen India Pvt. Ltd.;Fachbesucher;;;;;;;
Smart Cards Expo;Smart Cards Expo;2022;9;21.09.2022;23.09.2022;New Delhi;Indien;India Expo Centre and Mart, Greater Noida;jährlich;"IT und Kommunikationstechnik, Software (Branche 42); Finanzen, Immobilien, Versicherungen (Branche 08)";Messe Muenchen India Pvt. Ltd.;Fachbesucher;892;48;45;3;5099;4971;128
SmartTech Asia;SmartTech Asia;2026;4;07.04.2026;08.04.2026;Mumbai (Bombay);Indien;Jio World Convention Center;jährlich;"IT und Kommunikationstechnik, Software (Branche 42); Finanzen, Immobilien, Versicherungen (Branche 08)";Messe Muenchen India Pvt. Ltd.;Fachbesucher;568;34;30;4;931;915;16
SmartTech Asia;SmartTech Asia;2025;2;13.02.2025;14.02.2025;Mumbai (Bombay);Indien;Jio World Convention Center;jährlich;"IT und Kommunikationstechnik, Software (Branche 42); Finanzen, Immobilien, Versicherungen (Branche 08)";Messe Muenchen India Pvt. Ltd.;Fachbesucher;851;56;50;6;1081;1066;15
SmartTech Asia;SmartTech Asia;2023;9;13.09.2023;15.09.2023;Bangalore;Indien;BIEC Bangalore International Exhibition Centre;jährlich;"IT und Kommunikationstechnik, Software (Branche 42); Finanzen, Immobilien, Versicherungen (Branche 08)";Messe Muenchen India Pvt. Ltd.;Fachbesucher;927;51;44;7;4884;4836;48
transport logistic Africa & air cargo Africa - International exhibition and conference;transport logistic Africa & air cargo Africa;2025;2;19.02.2025;21.02.2025;Nairobi;Kenia;Sarit Centre Expo Hall;zweijährlich;"Transport und Verkehr (Branche 83); Logistik, Antriebs-, Förder- und Lagertechnik (Branche 55)";Messe Muenchen India Pvt. Ltd.;Fachbesucher;;56;14;42;3001;2528;473
transport logistic India & air cargo India (formerly Air Cargo India) - International Exhibition for the Air Cargo Industry logistics, mobility, IT and supply chain management in India;transport logistic India & air cargo India (formerly Air Cargo India);2026;2;25.02.2026;27.02.2026;Mumbai (Bombay);Indien;Jio World Convention Center;jährlich;"Transport und Verkehr (Branche 83); Logistik, Antriebs-, Förder- und Lagertechnik (Branche 55)";Messe Muenchen India Pvt. Ltd.;Fach- und Privatbesucher;;;;;;;
World of Tea & Coffee Meet;World of Tea & Coffee Meet;2021;12;02.12.2021;04.12.2021;Gandhinagar;Indien;Helipad Exhibition & Convention Center;jährlich an wechselnden Orten;"Nahrungs- und Genussmittel (Branche 24); Nahrungsmittel- und Verpackungsmaschinen (Branche 61)";Messe Muenchen India Pvt. Ltd.;;;;;;;;
World Tea & Coffee Expo;World Tea & Coffee Expo;2025;11;27.11.2025;29.11.2025;Bangalore;Indien;KTPO, Whitefield;jährlich an wechselnden Orten;"Nahrungs- und Genussmittel (Branche 24); Nahrungsmittel- und Verpackungsmaschinen (Branche 61)";Messe Muenchen India Pvt. Ltd.;Fachbesucher;;16;14;2;480;480;
World Tea & Coffee Expo;World Tea & Coffee Expo;2024;10;23.10.2024;25.10.2024;Mumbai (Bombay);Indien;Bombay Exhibition Centre (BEC);jährlich an wechselnden Orten;"Nahrungs- und Genussmittel (Branche 24); Nahrungsmittel- und Verpackungsmaschinen (Branche 61)";Messe Muenchen India Pvt. Ltd.;Fachbesucher;9100;279;263;16;14756;14580;176
World Tea & Coffee Expo;World Tea & Coffee Expo;2023;10;04.10.2023;06.10.2023;New Delhi;Indien;Pragati Maidan;jährlich an wechselnden Orten;"Nahrungs- und Genussmittel (Branche 24); Nahrungsmittel- und Verpackungsmaschinen (Branche 61)";Messe Muenchen India Pvt. Ltd.;Fachbesucher;7200;215;204;11;11261;11116;145
World Tea & Coffee Expo;World Tea & Coffee Expo;2022;12;07.12.2022;09.12.2022;Mumbai (Bombay);Indien;Bombay Exhibition Centre (BEC);jährlich an wechselnden Orten;"Nahrungs- und Genussmittel (Branche 24); Nahrungsmittel- und Verpackungsmaschinen (Branche 61)";Messe Muenchen India Pvt. Ltd.;Fachbesucher;6041;;;;13204;;
bauma CTT RUSSIA - International Trade Fair for Construction Equipment and Technologies;bauma CTT RUSSIA;2021;5;25.05.2021;28.05.2021;Moskau;Russische Föderation;Crocus Expo International Exhibition Centre;jährlich;Bautechnik, Baustoffe, Baumaschinen, Innenausbau (Branche 09);Messe Muenchen Rus LLC;Fachbesucher;;;;;;;
analytica China - International Trade Fair for Laboratory Technology, Analysis, Biotechnology and Diagnostics;analytica China;2024;11;18.11.2024;20.11.2024;Shanghai;China, Volksrepublik;SNIEC - Shanghai New International Expo Centre;zweijährlich;Labortechnik, Biotechnologie (Branche 64);Messe Muenchen Shanghai Co., Ltd.;Fachbesucher;28250;1219;1023;196;40106;37204;2902
analytica China - International Trade Fair for Laboratory Technology, Analysis, Biotechnology and Diagnostics;analytica China;2023;7;11.07.2023;13.07.2023;Shanghai;China, Volksrepublik;National Exhibition & Convention Center (NECC);zweijährlich;Labortechnik, Biotechnologie (Branche 64);Messe Muenchen Shanghai Co., Ltd.;Fachbesucher;30012;1273;1092;181;45538;44688;850
analytica China - International Trade Fair for Laboratory Technology, Analysis, Biotechnology and Diagnostics;analytica China;2020;11;16.11.2020;18.11.2020;Shanghai;China, Volksrepublik;SNIEC - Shanghai New International Expo Centre;zweijährlich;Labortechnik, Biotechnologie (Branche 64);Messe Muenchen Shanghai Co., Ltd.;Fachbesucher;;;;;;;
analytica China - International Trade Fair for Laboratory Technology, Analysis, Biotechnology and Diagnostics;analytica China;2018;10;31.10.2018;02.11.2018;Shanghai;China, Volksrepublik;SNIEC - Shanghai New International Expo Centre;zweijährlich;Labortechnik, Biotechnologie (Branche 64);Messe Muenchen Shanghai Co., Ltd.;Fachbesucher;;;;;;;
CHINA BREW CHINA BEVERAGE - International Brew & Beverage Processing Technology and Equipment Exhibition for China;CHINA BREW CHINA BEVERAGE;2024;10;28.10.2024;31.10.2024;Shanghai;China, Volksrepublik;SNIEC - Shanghai New International Expo Centre;zweijährlich;Nahrungsmittel- und Verpackungsmaschinen (Branche 61);Messe Muenchen Shanghai Co., Ltd.;Fachbesucher;;685;567;118;;;
CHINA BREW CHINA BEVERAGE - International Brew & Beverage Processing Technology and Equipment Exhibition for China;CHINA BREW CHINA BEVERAGE;2020;10;13.10.2020;16.10.2020;Shanghai;China, Volksrepublik;SNIEC - Shanghai New International Expo Centre;zweijährlich;Nahrungsmittel- und Verpackungsmaschinen (Branche 61);Messe Muenchen Shanghai Co., Ltd.;Fachbesucher;;;;;;;
CHINA BREW CHINA BEVERAGE - International Brew & Beverage Processing Technology and Equipment Exhibition for China;CHINA BREW CHINA BEVERAGE;2018;10;23.10.2018;26.10.2018;Shanghai;China, Volksrepublik;SNIEC - Shanghai New International Expo Centre;zweijährlich;Nahrungsmittel- und Verpackungsmaschinen (Branche 61);Messe Muenchen Shanghai Co., Ltd.;Fachbesucher;;;;;;;
electronica China - International Trade Fair for Electronic Components, Systems and Applications;electronica China;2025;4;15.04.2025;17.04.2025;Shanghai;China, Volksrepublik;SNIEC - Shanghai New International Expo Centre;jährlich;Elektrotechnik, Elektronik (Branche 22);Messe Muenchen Shanghai Co., Ltd.;Fachbesucher;52055;1754;1696;58;66960;63156;3804
electronica China - International Trade Fair for Electronic Components, Systems and Applications;electronica China;2024;7;08.07.2024;10.07.2024;Shanghai;China, Volksrepublik;SNIEC - Shanghai New International Expo Centre;jährlich;Elektrotechnik, Elektronik (Branche 22);Messe Muenchen Shanghai Co., Ltd.;Fachbesucher;49257;1671;1624;47;75423;72347;3076
electronica China - International Trade Fair for Electronic Components, Systems and Applications;electronica China;2023;7;11.07.2023;13.07.2023;Shanghai;China, Volksrepublik;National Exhibition & Convention Center (NECC);jährlich;Elektrotechnik, Elektronik (Branche 22);Messe Muenchen Shanghai Co., Ltd.;Fachbesucher;47514;1650;1470;180;89097;87684;1413
electronica China - International Trade Fair for Electronic Components, Systems and Applications;electronica China;2021;4;14.04.2021;16.04.2021;Shanghai;China, Volksrepublik;SNIEC - Shanghai New International Expo Centre;jährlich;Elektrotechnik, Elektronik (Branche 22);Messe Muenchen Shanghai Co., Ltd.;Fachbesucher;;;;;;;
electronica China - International Trade Fair for Electronic Components, Systems and Applications;electronica China;2020;7;03.07.2020;05.07.2020;Shanghai;China, Volksrepublik;National Exhibition & Convention Center (NECC);jährlich;Elektrotechnik, Elektronik (Branche 22);Messe Muenchen Shanghai Co., Ltd.;Fachbesucher;;;;;;;
electronica China - International Trade Fair for Electronic Components, Systems and Applications;electronica China;2019;3;20.03.2019;22.03.2019;Shanghai;China, Volksrepublik;SNIEC - Shanghai New International Expo Centre;jährlich;Elektrotechnik, Elektronik (Branche 22);Messe Muenchen Shanghai Co., Ltd.;Fachbesucher;;;;;;;
electronica China - International Trade Fair for Electronic Components, Systems and Applications;electronica China;2018;3;14.03.2018;16.03.2018;Shanghai;China, Volksrepublik;SNIEC - Shanghai New International Expo Centre;jährlich;Elektrotechnik, Elektronik (Branche 22);Messe Muenchen Shanghai Co., Ltd.;Fachbesucher;;;;;;;
ISPO Beijing - The leading sports business platform in the Asia-Pacific region;ISPO Beijing;2026;1;09.01.2026;11.01.2026;Peking;China, Volksrepublik;China National Convention Center;jährlich;"Sport & Fitness (Branche 74); Bekleidung, Mode, Accessoires (Branche 10)";Messe Muenchen Shanghai Co., Ltd.;Fachbesucher;8355;280;269;11;25914;25430;484
ISPO Beijing - The leading sports business platform in the Asia-Pacific region;ISPO Beijing;2025;1;10.01.2025;12.01.2025;Peking;China, Volksrepublik;China National Convention Center;jährlich;"Sport & Fitness (Branche 74); Bekleidung, Mode, Accessoires (Branche 10)";Messe Muenchen Shanghai Co., Ltd.;Fachbesucher;12260;280;271;9;22680;22277;403
ISPO Beijing - The leading sports business platform in the Asia-Pacific region;ISPO Beijing;2024;1;12.01.2024;14.01.2024;Peking;China, Volksrepublik;China National Convention Center;jährlich;"Sport & Fitness (Branche 74); Bekleidung, Mode, Accessoires (Branche 10)";Messe Muenchen Shanghai Co., Ltd.;Fachbesucher;10595;358;351;7;30359;29839;520
ISPO Beijing - The leading sports business platform in the Asia-Pacific region;ISPO Beijing;2023;2;10.02.2023;12.02.2023;Peking;China, Volksrepublik;China National Convention Center;jährlich;"Sport & Fitness (Branche 74); Bekleidung, Mode, Accessoires (Branche 10)";Messe Muenchen Shanghai Co., Ltd.;Fachbesucher;8098;233;232;1;37623;37615;8
ISPO Beijing - The leading sports business platform in the Asia-Pacific region;ISPO Beijing;2019;1;16.01.2019;19.01.2019;Peking;China, Volksrepublik;New China International Exhibition Center (NCIEC);jährlich;"Sport & Fitness (Branche 74); Bekleidung, Mode, Accessoires (Branche 10)";Messe Muenchen Shanghai Co., Ltd.;Fachbesucher;;;;;;;
ISPO Shanghai - Chinas Multisegment-Sportshow im Sommer;ISPO Shanghai;2025;7;04.07.2025;06.07.2025;Shanghai;China, Volksrepublik;SNIEC - Shanghai New International Expo Centre;jährlich;"Sport & Fitness (Branche 74); Bekleidung, Mode, Accessoires (Branche 10)";Messe Muenchen Shanghai Co., Ltd.;Fach- und Privatbesucher;12613;480;470;10;29072;28004;1068
ISPO Shanghai - Chinas Multisegment-Sportshow im Sommer;ISPO Shanghai;2024;6;28.06.2024;30.06.2024;Shanghai;China, Volksrepublik;SNIEC - Shanghai New International Expo Centre;jährlich;"Sport & Fitness (Branche 74); Bekleidung, Mode, Accessoires (Branche 10)";Messe Muenchen Shanghai Co., Ltd.;Fach- und Privatbesucher;15671;527;515;12;39874;39395;479
ISPO Shanghai - Chinas Multisegment-Sportshow im Sommer;ISPO Shanghai;2023;6;04.06.2023;06.06.2023;Shanghai;China, Volksrepublik;SNIEC - Shanghai New International Expo Centre;jährlich;"Sport & Fitness (Branche 74); Bekleidung, Mode, Accessoires (Branche 10)";Messe Muenchen Shanghai Co., Ltd.;Fach- und Privatbesucher;16377;395;391;4;40174;39946;228
ISPO Shanghai - Chinas Multisegment-Sportshow im Sommer;ISPO Shanghai;2021;7;02.07.2021;04.07.2021;Shanghai;China, Volksrepublik;SNIEC - Shanghai New International Expo Centre;jährlich;"Sport & Fitness (Branche 74); Bekleidung, Mode, Accessoires (Branche 10)";Messe Muenchen Shanghai Co., Ltd.;Fachbesucher;;;;;;;
ISPO Shanghai - Chinas Multisegment-Sportshow im Sommer;ISPO Shanghai;2020;7;03.07.2020;05.07.2020;Shanghai;China, Volksrepublik;SNIEC - Shanghai New International Expo Centre;jährlich;"Sport & Fitness (Branche 74); Bekleidung, Mode, Accessoires (Branche 10)";Messe Muenchen Shanghai Co., Ltd.;Fachbesucher;;;;;;;
ISPO Shanghai - China's multi-segment sport show in summer;ISPO Shanghai;2019;7;05.07.2019;07.07.2019;Shanghai;China, Volksrepublik;SNIEC - Shanghai New International Expo Centre;jährlich;"Sport & Fitness (Branche 74); Bekleidung, Mode, Accessoires (Branche 10)";Messe Muenchen Shanghai Co., Ltd.;Fachbesucher;;;;;;;
ISPO Shanghai - Nanjing Edition - Chinas Multisegment-Sportshow im Sommer;ISPO Shanghai - Nanjing Edition;2022;7;29.07.2022;31.07.2022;Nanjing;China, Volksrepublik;Nanjing International Exhibition Center;jährlich;"Sport & Fitness (Branche 74); Bekleidung, Mode, Accessoires (Branche 10)";Messe Muenchen Shanghai Co., Ltd.;Fach- und Privatbesucher;12000;207;207;0;20089;20089;
LASER World of PHOTONICS CHINA - International Trade Show for Optical Technologies in China;LASER World of PHOTONICS CHINA;2026;3;18.03.2026;20.03.2026;Shanghai;China, Volksrepublik;SNIEC - Shanghai New International Expo Centre;jährlich;Technische Optik, Lasertechnik (Branche 75);Messe Muenchen Shanghai Co., Ltd.;Fachbesucher;46399;1471;1427;44;58281;55355;2926
LASER World of PHOTONICS CHINA - International Trade Show for Optical Technologies in China;LASER World of PHOTONICS CHINA;2025;3;11.03.2025;13.03.2025;Shanghai;China, Volksrepublik;SNIEC - Shanghai New International Expo Centre;jährlich;Technische Optik, Lasertechnik (Branche 75);Messe Muenchen Shanghai Co., Ltd.;Fachbesucher;43066;1405;1376;29;52835;50088;2747
LASER World of PHOTONICS CHINA - International Trade Show for Optical Technologies in China;LASER World of PHOTONICS CHINA;2024;3;20.03.2024;22.03.2024;Shanghai;China, Volksrepublik;SNIEC - Shanghai New International Expo Centre;jährlich;Technische Optik, Lasertechnik (Branche 75);Messe Muenchen Shanghai Co., Ltd.;Fachbesucher;35875;1124;947;177;44491;42544;1947
LASER World of PHOTONICS CHINA - International Trade Show for Optical Technologies in China;LASER World of PHOTONICS CHINA;2023;7;11.07.2023;13.07.2023;Shanghai;China, Volksrepublik;National Exhibition & Convention Center (NECC);jährlich;Technische Optik, Lasertechnik (Branche 75);Messe Muenchen Shanghai Co., Ltd.;Fachbesucher;32889;1160;1003;157;75447;74394;1053
LASER World of PHOTONICS CHINA - International Trade Show for Optical Technologies in China;LASER World of PHOTONICS CHINA;2021;3;17.03.2021;19.03.2021;Shanghai;China, Volksrepublik;SNIEC - Shanghai New International Expo Centre;jährlich;Technische Optik, Lasertechnik (Branche 75);Messe Muenchen Shanghai Co., Ltd.;Fachbesucher;;;;;;;
LASER World of PHOTONICS CHINA - International Trade Show for Optical Technologies in China;LASER World of PHOTONICS CHINA;2020;7;03.07.2020;05.07.2020;Shanghai;China, Volksrepublik;National Exhibition & Convention Center (NECC);jährlich;Technische Optik, Lasertechnik (Branche 75);Messe Muenchen Shanghai Co., Ltd.;Fach- und Privatbesucher;;;;;;;
LASER World of PHOTONICS CHINA - International Trade Show for Optical Technologies in China;LASER World of PHOTONICS CHINA;2019;3;20.03.2019;22.03.2019;Shanghai;China, Volksrepublik;SNIEC - Shanghai New International Expo Centre;jährlich;Technische Optik, Lasertechnik (Branche 75);Messe Muenchen Shanghai Co., Ltd.;Fach- und Privatbesucher;;;;;;;
LASER World of PHOTONICS CHINA - International Trade Show for Optical Technologies in China;LASER World of PHOTONICS CHINA;2018;3;14.03.2018;16.03.2018;Shanghai;China, Volksrepublik;SNIEC - Shanghai New International Expo Centre;jährlich;Technische Optik, Lasertechnik (Branche 75);Messe Muenchen Shanghai Co., Ltd.;Fach- und Privatbesucher;;;;;;;
PeriLog-fresh logistics Asia - Deliver Fresh & Healthy Life;PeriLog-fresh logistics Asia;2018;5;16.05.2018;18.05.2018;Shanghai;China, Volksrepublik;SNIEC - Shanghai New International Expo Centre;zweijährlich;Transport und Verkehr (Branche 83);Messe Muenchen Shanghai Co., Ltd.;;;;;;;;
productronica China - International Trade Fair for Electronics Development and Production;productronica China;2026;3;25.03.2026;27.03.2026;Shanghai;China, Volksrepublik;SNIEC - Shanghai New International Expo Centre;jährlich;"C-Techniken, Fertigungsautomatisierung, Mess-, Regel- und Steuertechnik (Branche 19); Elektrotechnik, Elektronik (Branche 22)";Messe Muenchen Shanghai Co., Ltd.;Fachbesucher;50904;1156;1144;12;67184;64124;3060
productronica China - International Trade Fair for Electronics Development and Production;productronica China;2025;3;26.03.2025;28.03.2025;Shanghai;China, Volksrepublik;SNIEC - Shanghai New International Expo Centre;jährlich;"C-Techniken, Fertigungsautomatisierung, Mess-, Regel- und Steuertechnik (Branche 19); Elektrotechnik, Elektronik (Branche 22)";Messe Muenchen Shanghai Co., Ltd.;Fachbesucher;45733;1101;1075;26;60182;57479;2703
productronica China - International Trade Fair for Electronics Development and Production;productronica China;2024;3;20.03.2024;22.03.2024;Shanghai;China, Volksrepublik;SNIEC - Shanghai New International Expo Centre;jährlich;"C-Techniken, Fertigungsautomatisierung, Mess-, Regel- und Steuertechnik (Branche 19); Elektrotechnik, Elektronik (Branche 22)";Messe Muenchen Shanghai Co., Ltd.;Fachbesucher;36994;904;793;111;60657;59472;1185
productronica China - International Trade Fair for Electronics Development and Production;productronica China;2023;4;13.04.2023;15.04.2023;Shanghai;China, Volksrepublik;SNIEC - Shanghai New International Expo Centre;jährlich;"C-Techniken, Fertigungsautomatisierung, Mess-, Regel- und Steuertechnik (Branche 19); Elektrotechnik, Elektronik (Branche 22)";Messe Muenchen Shanghai Co., Ltd.;Fachbesucher;33700;822;725;97;70833;69943;890
productronica China - International Trade Fair for Electronics Development and Production;productronica China;2021;3;17.03.2021;19.03.2021;Shanghai;China, Volksrepublik;SNIEC - Shanghai New International Expo Centre;jährlich;"C-Techniken, Fertigungsautomatisierung, Mess-, Regel- und Steuertechnik (Branche 19); Elektrotechnik, Elektronik (Branche 22)";Messe Muenchen Shanghai Co., Ltd.;Fachbesucher;;;;;;;
productronica China - International Trade Fair for Electronics Development and Production;productronica China;2020;7;03.07.2020;05.07.2020;Shanghai;China, Volksrepublik;National Exhibition & Convention Center (NECC);jährlich;"C-Techniken, Fertigungsautomatisierung, Mess-, Regel- und Steuertechnik (Branche 19); Elektrotechnik, Elektronik (Branche 22)";Messe Muenchen Shanghai Co., Ltd.;Fachbesucher;;;;;;;
productronica China - International Trade Fair for Electronics Development and Production;productronica China;2019;3;20.03.2019;22.03.2019;Shanghai;China, Volksrepublik;SNIEC - Shanghai New International Expo Centre;jährlich;"C-Techniken, Fertigungsautomatisierung, Mess-, Regel- und Steuertechnik (Branche 19); Elektrotechnik, Elektronik (Branche 22)";Messe Muenchen Shanghai Co., Ltd.;Fachbesucher;;;;;;;
productronica China - International Trade Fair for Electronics Development and Production;productronica China;2018;3;14.03.2018;16.03.2018;Shanghai;China, Volksrepublik;SNIEC - Shanghai New International Expo Centre;jährlich;"C-Techniken, Fertigungsautomatisierung, Mess-, Regel- und Steuertechnik (Branche 19); Elektrotechnik, Elektronik (Branche 22)";Messe Muenchen Shanghai Co., Ltd.;Fachbesucher;;;;;;;
transport logistic & air cargo China - International Exhibition for Logistics, Mobility, IT and Supply Chain Management;transport logistic & air cargo China;2026;6;24.06.2026;26.06.2026;Shanghai;China, Volksrepublik;SNIEC - Shanghai New International Expo Centre;zweijährlich;"Transport und Verkehr (Branche 83); Logistik, Antriebs-, Förder- und Lagertechnik (Branche 55)";Messe Muenchen Shanghai Co., Ltd.;Fachbesucher;;;;;;;
transport logistic China - International Exhibition for Logistics, Mobility, IT and Supply Chain Management;transport logistic China;2018;5;16.05.2018;18.05.2018;Shanghai;China, Volksrepublik;SNIEC - Shanghai New International Expo Centre;zweijährlich;"Transport und Verkehr (Branche 83); Logistik, Antriebs-, Förder- und Lagertechnik (Branche 55)";Messe Muenchen Shanghai Co., Ltd.;Fachbesucher;;;;;;;
transport logistic China / air cargo China (formerly transport logistic China) - International Exhibition for Logistics, Mobility, IT and Supply Chain Management;transport logistic China / air cargo China (formerly transport logistic China);2024;6;25.06.2024;27.06.2024;Shanghai;China, Volksrepublik;SNIEC - Shanghai New International Expo Centre;zweijährlich;"Transport und Verkehr (Branche 83); Logistik, Antriebs-, Förder- und Lagertechnik (Branche 55)";Messe Muenchen Shanghai Co., Ltd.;Fachbesucher;18015;794;508;286;37089;34835;2254
analytica Lab Africa;analytica Lab Africa;2019;7;09.07.2019;11.07.2019;Midrand/Johannesburg;Südafrika;Gallagher Convention Centre;zweijährlich;Labortechnik, Biotechnologie (Branche 64);Messe Muenchen South Africa;;;;;;;;
bauma CONEXPO AFRICA - International Trade Fair for Construction Machinery, Building Material Machines, Mining Machines and Construction Vehicles;bauma CONEXPO AFRICA;2018;3;13.03.2018;16.03.2018;Johannesburg;Südafrika;Expo Centre Johannesburg;dreijährlich;Bautechnik, Baustoffe, Baumaschinen, Innenausbau (Branche 09);Messe Muenchen South Africa;Fachbesucher;;;;;;;
food & drink technology Africa;food & drink technology Africa;2019;7;09.07.2019;11.07.2019;Midrand/Johannesburg;Südafrika;Gallagher Convention Centre;zweijährlich;Nahrungsmittel- und Verpackungsmaschinen (Branche 61);Messe Muenchen South Africa;Fachbesucher;;;;;;;
food & drink technology Africa;food & drink technology Africa;2018;9;04.09.2018;06.09.2018;Midrand/Johannesburg;Südafrika;Gallagher Convention Centre;jährlich;Nahrungsmittel- und Verpackungsmaschinen (Branche 61);Messe Muenchen South Africa;Fachbesucher;;;;;;;
IFAT Africa;IFAT Africa;2019;7;09.07.2019;11.07.2019;Midrand/Johannesburg;Südafrika;Gallagher Convention Centre;zweijährlich;Umwelt und  Klimaschutz (Branche 86);Messe Muenchen South Africa;Fachbesucher;;;;;;;
IE expo Chengdu - West China's Trade Fair for Environmental Technology Solutions: Water, Waste, Air and Soil;IE expo Chengdu;2026;6;10.06.2026;12.06.2026;Chengdu;China, Volksrepublik;Western China International Expo City;jährlich;"Städtereinigung, Wassertechnik, Entsorgung, Kommunale Dienstleistungen (Branche 45); Umwelt und  Klimaschutz (Branche 86)";Messe Muenchen Zhongmao Co., Ltd.;Fachbesucher;;;;;;;
IE expo China - Presented by IFAT - Asia's Leading Trade Fair for Environmental Technology Solutions: Water, Waste, Air and Soil;IE expo China - Presented by IFAT;2026;4;13.04.2026;15.04.2026;Shanghai;China, Volksrepublik;SNIEC - Shanghai New International Expo Centre;jährlich;"Städtereinigung, Wassertechnik, Entsorgung, Kommunale Dienstleistungen (Branche 45); Umwelt und  Klimaschutz (Branche 86)";Messe Muenchen Zhongmao Co., Ltd.;Fachbesucher;;;;;;;
IE expo China - Presented by IFAT - Asia's Leading Trade Fair for Environmental Technology Solutions: Water, Waste, Air and Soil;IE expo China - Presented by IFAT;2025;4;21.04.2025;23.04.2025;Shanghai;China, Volksrepublik;SNIEC - Shanghai New International Expo Centre;jährlich;"Städtereinigung, Wassertechnik, Entsorgung, Kommunale Dienstleistungen (Branche 45); Umwelt und  Klimaschutz (Branche 86)";Messe Muenchen Zhongmao Co., Ltd.;Fachbesucher;;2279;;;90571;;
IE expo China - Presented by IFAT - Asia's Leading Trade Fair for Environmental Technology Solutions: Water, Waste, Air and Soil;IE expo China - Presented by IFAT;2024;4;18.04.2024;20.04.2024;Shanghai;China, Volksrepublik;SNIEC - Shanghai New International Expo Centre;jährlich;"Städtereinigung, Wassertechnik, Entsorgung, Kommunale Dienstleistungen (Branche 45); Umwelt und  Klimaschutz (Branche 86)";Messe Muenchen Zhongmao Co., Ltd.;Fachbesucher;90335;2457;2227;230;90120;88034;2086
IE expo China - Presented by IFAT - Asia's Leading Trade Fair for Environmental Technology Solutions: Water, Waste, Air and Soil;IE expo China - Presented by IFAT;2023;4;19.04.2023;21.04.2023;Shanghai;China, Volksrepublik;SNIEC - Shanghai New International Expo Centre;jährlich;"Städtereinigung, Wassertechnik, Entsorgung, Kommunale Dienstleistungen (Branche 45); Umwelt und  Klimaschutz (Branche 86)";Messe Muenchen Zhongmao Co., Ltd.;Fachbesucher;96251;2407;2167;240;91007;85077;5930
IE expo China - Presented by IFAT - Asia's Leading Trade Fair for Environmental Technology Solutions: Water, Waste, Air and Soil;IE expo China - Presented by IFAT;2021;4;20.04.2021;22.04.2021;Shanghai;China, Volksrepublik;SNIEC - Shanghai New International Expo Centre;jährlich;"Städtereinigung, Wassertechnik, Entsorgung, Kommunale Dienstleistungen (Branche 45); Umwelt und  Klimaschutz (Branche 86)";Messe Muenchen Zhongmao Co., Ltd.;Fachbesucher;;;;;;;
IE expo China - Presented by IFAT - Asia's Leading Trade Fair for Environmental Technology Solutions: Water, Waste, Air and Soil;IE expo China - Presented by IFAT;2020;8;13.08.2020;15.08.2020;Shanghai;China, Volksrepublik;SNIEC - Shanghai New International Expo Centre;jährlich;"Städtereinigung, Wassertechnik, Entsorgung, Kommunale Dienstleistungen (Branche 45); Umwelt und  Klimaschutz (Branche 86)";Messe Muenchen Zhongmao Co., Ltd.;Fachbesucher;;;;;;;
IE expo China - Presented by IFAT - Asia's Leading Trade Fair for Environmental Technology Solutions: Water, Waste, Air and Soil;IE expo China - Presented by IFAT;2019;4;15.04.2019;17.04.2019;Shanghai;China, Volksrepublik;SNIEC - Shanghai New International Expo Centre;jährlich;"Städtereinigung, Wassertechnik, Entsorgung, Kommunale Dienstleistungen (Branche 45); Umwelt und  Klimaschutz (Branche 86)";Messe Muenchen Zhongmao Co., Ltd.;Fachbesucher;;;;;;;
IE expo Guangzhou - Trade Fair for Environmental Technology Solutions: Water, Waste, Air and Soil;IE expo Guangzhou;2025;9;17.09.2025;19.09.2025;Kanton;China, Volksrepublik;Canton Fair Complex, Pazhou (China Import & Export Fair Complex);zweijährlich;"Städtereinigung, Wassertechnik, Entsorgung, Kommunale Dienstleistungen (Branche 45); Umwelt und  Klimaschutz (Branche 86)";Messe Muenchen Zhongmao Co., Ltd.;Fachbesucher;4977;285;278;7;14523;14508;15
IE expo Guangzhou - Trade Fair for Environmental Technology Solutions: Water, Waste, Air and Soil;IE expo Guangzhou;2023;9;20.09.2023;22.09.2023;Kanton;China, Volksrepublik;Canton Fair Complex, Pazhou (China Import & Export Fair Complex);zweijährlich;"Städtereinigung, Wassertechnik, Entsorgung, Kommunale Dienstleistungen (Branche 45); Umwelt und  Klimaschutz (Branche 86)";Messe Muenchen Zhongmao Co., Ltd.;Fachbesucher;10477;405;;;13445;;
IE expo Guangzhou - Trade Fair for Environmental Technology Solutions: Water, Waste, Air and Soil;IE expo Guangzhou;2021;9;15.09.2021;17.09.2021;Kanton;China, Volksrepublik;Canton Fair Complex, Pazhou (China Import & Export Fair Complex);jährlich;"Städtereinigung, Wassertechnik, Entsorgung, Kommunale Dienstleistungen (Branche 45); Umwelt und  Klimaschutz (Branche 86)";Messe Muenchen Zhongmao Co., Ltd.;Fachbesucher;;;;;;;
IE expo Guangzhou - Trade Fair for Environmental Technology Solutions: Water, Waste, Air and Soil;IE expo Guangzhou;2020;9;16.09.2020;18.09.2020;Kanton;China, Volksrepublik;Canton Fair Complex, Pazhou (China Import & Export Fair Complex);jährlich;"Städtereinigung, Wassertechnik, Entsorgung, Kommunale Dienstleistungen (Branche 45); Umwelt und  Klimaschutz (Branche 86)";Messe Muenchen Zhongmao Co., Ltd.;Fachbesucher;;;;;;;
IE expo Guangzhou - Trade Fair for Environmental Technology Solutions: Water, Waste, Air and Soil;IE expo Guangzhou;2019;9;18.09.2019;20.09.2019;Kanton;China, Volksrepublik;Canton Fair Complex, Pazhou (China Import & Export Fair Complex);jährlich;"Städtereinigung, Wassertechnik, Entsorgung, Kommunale Dienstleistungen (Branche 45); Umwelt und  Klimaschutz (Branche 86)";Messe Muenchen Zhongmao Co., Ltd.;Fachbesucher;;;;;;;
IE expo Guangzhou - Trade Fair for Environmental Technology Solutions: Water, Waste, Air and Soil;IE expo Guangzhou;2018;9;18.09.2018;20.09.2018;Kanton;China, Volksrepublik;Canton Fair Complex, Pazhou (China Import & Export Fair Complex);jährlich;"Städtereinigung, Wassertechnik, Entsorgung, Kommunale Dienstleistungen (Branche 45); Umwelt und  Klimaschutz (Branche 86)";Messe Muenchen Zhongmao Co., Ltd.;Fachbesucher;;;;;;;
IE expo Shenzhen - Trade Fair for Environmental Technology Solutions: Water, Waste, Air and Soil;IE expo Shenzhen;2024;9;23.09.2024;25.09.2024;Shenzhen;China, Volksrepublik;Shenzhen World Exhibition & Convention Center;zweijährlich;"Städtereinigung, Wassertechnik, Entsorgung, Kommunale Dienstleistungen (Branche 45); Umwelt und  Klimaschutz (Branche 86)";Messe Muenchen Zhongmao Co., Ltd.;Fachbesucher;7103;317;307;10;16175;16058;117
IE expo Shenzhen - Trade Fair for Environmental Technology Solutions: Water, Waste, Air and Soil;IE expo Shenzhen;2022;11;15.11.2022;17.11.2022;Shenzhen;China, Volksrepublik;Shenzhen World Exhibition & Convention Center;jährlich;"Städtereinigung, Wassertechnik, Entsorgung, Kommunale Dienstleistungen (Branche 45); Umwelt und  Klimaschutz (Branche 86)";Messe Muenchen Zhongmao Co., Ltd.;Fachbesucher;;;;;;;
Air Cargo Africa - International exhibition specialized in the African air freight market;Air Cargo Africa;2023;2;21.02.2023;23.02.2023;Johannesburg;Südafrika;Emperors Palace;zweijährlich;Logistik, Antriebs-, Förder- und Lagertechnik (Branche 55);Messe München GmbH;Fachbesucher;1000;46;9;37;2027;1545;482
Air Cargo Africa;Air Cargo Africa;2019;2;19.02.2019;21.02.2019;Johannesburg;Südafrika;Emperors Palace;zweijährlich;Logistik, Antriebs-, Förder- und Lagertechnik (Branche 55);Messe München GmbH;;;;;;;;
Air Cargo India - International Exhibition for the Air Cargo Industry;Air Cargo India;2022;5;31.05.2022;02.06.2022;Mumbai (Bombay);Indien;Hotel Grand Hyatt Mumbai;zweijährlich;Logistik, Antriebs-, Förder- und Lagertechnik (Branche 55);Messe München GmbH;Fach- und Privatbesucher;1361;45;24;21;4300;2726;1574
Air Cargo India - International Exhibition for the Air Cargo Industry;Air Cargo India;2020;2;25.02.2020;27.02.2020;Mumbai (Bombay);Indien;Hotel Grand Hyatt Mumbai;zweijährlich;Logistik, Antriebs-, Förder- und Lagertechnik (Branche 55);Messe München GmbH;Fach- und Privatbesucher;;;;;;;
analytica - Weltleitmesse für Labortechnik, Analytik, Biotechnologie und analytica conference;analytica;2026;3;24.03.2026;27.03.2026;München;Deutschland;Messe München;zweijährlich;"Labortechnik, Biotechnologie (Branche 64); Chemie, Petrochemie (Branche 18)";Messe München GmbH;Fachbesucher;;;;;;;
analytica - Weltleitmesse für Labortechnik, Analytik, Biotechnologie und analytica conference;analytica;2024;4;09.04.2024;12.04.2024;München;Deutschland;Messe München;zweijährlich;"Labortechnik, Biotechnologie (Branche 64); Chemie, Petrochemie (Branche 18)";Messe München GmbH;Fachbesucher;25576;1066;506;560;33386;20853;12533
analytica - Weltleitmesse für Labortechnik, Analytik, Biotechnologie und analytica conference;analytica;2022;6;21.06.2022;24.06.2022;München;Deutschland;Messe München;zweijährlich;"Labortechnik, Biotechnologie (Branche 64); Chemie, Petrochemie (Branche 18)";Messe München GmbH;Fachbesucher;22001;882;483;399;26573;14686;11887
analytica - Internationale Leitmesse für Labortechnik, Analytik, Biotechnologie und analytica Conference;analytica;2018;4;10.04.2018;13.04.2018;München;Deutschland;Messe München;zweijährlich;"Labortechnik, Biotechnologie (Branche 64); Chemie, Petrochemie (Branche 18)";Messe München GmbH;Fachbesucher;;;;;;;
analytica USA - Internationale Messe für Labortechnik, Analytik, Biotechnologie und Diagnostik;analytica USA;2025;9;10.09.2025;12.09.2025;Columbus;USA;Greater Columbus Convention Center;zweijährlich;"Labortechnik, Biotechnologie (Branche 64); Chemie, Petrochemie (Branche 18)";Messe München GmbH;Fachbesucher;3947;270;181;89;1295;1004;291
analytica virtual - Weltleitmesse für Labortechnik, Analytik, Biotechnologie und analytica conference;analytica virtual;2020;10;19.10.2020;22.10.2020;München;Deutschland;Messe München;zweijährlich;"Labortechnik, Biotechnologie (Branche 64); Chemie, Petrochemie (Branche 18)";Messe München GmbH;Fachbesucher;;;;;;;
automatica - The Leading Exhibition for Smart Automation and Robotics;automatica;2025;6;24.06.2025;27.06.2025;München;Deutschland;Messe München;zweijährlich;"C-Techniken, Fertigungsautomatisierung, Mess-, Regel- und Steuertechnik (Branche 19); Elektrotechnik, Elektronik (Branche 22)";Messe München GmbH;Fachbesucher;35890;798;495;303;98568;30596;18688
automatica - The Leading Exhibition for Smart Automation and Robotics;automatica;2023;6;27.06.2023;30.06.2023;München;Deutschland;Messe München;zweijährlich;"C-Techniken, Fertigungsautomatisierung, Mess-, Regel- und Steuertechnik (Branche 19); Elektrotechnik, Elektronik (Branche 22)";Messe München GmbH;Fachbesucher;31264;648;423;225;41169;27996;13173
automatica - The Leading Exhibition for Smart Automation and Robotics;automatica;2022;6;21.06.2022;24.06.2022;München;Deutschland;Messe München;zweijährlich;"C-Techniken, Fertigungsautomatisierung, Mess-, Regel- und Steuertechnik (Branche 19); Elektrotechnik, Elektronik (Branche 22)";Messe München GmbH;Fachbesucher;29117;574;407;167;28937;18626;10311
automatica - The Leading Exhibition for Smart Automation and Robotics;automatica;2018;6;19.06.2018;22.06.2018;München;Deutschland;Messe München;zweijährlich;"C-Techniken, Fertigungsautomatisierung, Mess-, Regel- und Steuertechnik (Branche 19); Elektrotechnik, Elektronik (Branche 22)";Messe München GmbH;Fachbesucher;;;;;;;
automatica sprint 2021;automatica sprint 2021;2021;6;22.06.2021;24.06.2021;München;Deutschland;Messe München;;"C-Techniken, Fertigungsautomatisierung, Mess-, Regel- und Steuertechnik (Branche 19); Elektrotechnik, Elektronik (Branche 22)";Messe München GmbH;Fachbesucher;;;;;;;
BAU - Weltleitmesse für Architektur, Materialien, Systeme;BAU;2025;1;13.01.2025;17.01.2025;München;Deutschland;Messe München;zweijährlich;Bautechnik, Baustoffe, Baumaschinen, Innenausbau (Branche 09);Messe München GmbH;Fachbesucher;125873;2244;1061;1183;186038;108394;77644
BAU - Weltleitmesse für Architektur, Materialien und Systeme;BAU;2023;4;17.04.2023;22.04.2023;München;Deutschland;Messe München;zweijährlich;Bautechnik, Baustoffe, Baumaschinen, Innenausbau (Branche 09);Messe München GmbH;Fachbesucher;128202;2266;1224;1042;189237;113190;76047
BAU - Weltleitmesse für Architektur, Materialien und Systeme;BAU;2021;1;13.01.2021;15.01.2021;München;Deutschland;Messe München;zweijährlich;Bautechnik, Baustoffe, Baumaschinen, Innenausbau (Branche 09);Messe München GmbH;Fachbesucher;;;;;;;
BAU - Weltleitmesse für Architektur, Materialien, Systeme;BAU;2019;1;14.01.2019;19.01.2019;München;Deutschland;Messe München;zweijährlich;Bautechnik, Baustoffe, Baumaschinen, Innenausbau (Branche 09);Messe München GmbH;Fachbesucher;;;;;;;
BAU China (formerly FENESTRATION BAU China) - Asia Pacific Leading Trade Fair for Building Systems Solutions, High-End Technologies and Materials;BAU China (formerly FENESTRATION BAU China);2025;11;05.11.2025;08.11.2025;Shanghai;China, Volksrepublik;SNIEC - Shanghai New International Expo Centre;jährlich;Bautechnik, Baustoffe, Baumaschinen, Innenausbau (Branche 09);Messe München GmbH;Fachbesucher;;393;387;6;34033;30747;3286
BAU China (formerly FENESTRATION BAU China) - Asia Pacific Leading Trade Fair for Building Systems Solutions, High-End Technologies and Materials;BAU China (formerly FENESTRATION BAU China);2024;10;16.10.2024;19.10.2024;Shanghai;China, Volksrepublik;National Exhibition & Convention Center (NECC);jährlich;Bautechnik, Baustoffe, Baumaschinen, Innenausbau (Branche 09);Messe München GmbH;Fachbesucher;30798;422;414;8;24022;22861;1161
BAU China (formerly FENESTRATION BAU China) - Asia Pacific Leading Trade Fair for Building Systems Solutions, High-End Technologies and Materials;BAU China (formerly FENESTRATION BAU China);2023;8;03.08.2023;06.08.2023;Shanghai;China, Volksrepublik;National Exhibition & Convention Center (NECC);jährlich;Bautechnik, Baustoffe, Baumaschinen, Innenausbau (Branche 09);Messe München GmbH;Fachbesucher;54000;773;;;56502;55895;607
BAU China (formerly FENESTRATION BAU China) - Asia Pacific Leading Trade Fair for Building Systems Solutions, High-End Technologies and Materials;BAU China (formerly FENESTRATION BAU China);2020;10;29.10.2020;01.11.2020;Peking;China, Volksrepublik;New China International Exhibition Center (NCIEC);jährlich an wechselnden Orten;Bautechnik, Baustoffe, Baumaschinen, Innenausbau (Branche 09);Messe München GmbH;Fachbesucher;;;;;;;
bauma - Weltleitmesse für Baumaschinen, Baustoffmaschinen, Bergbaumaschinen, Baufahrzeuge und Baugeräte;bauma;2025;4;07.04.2025;13.04.2025;München;Deutschland;Messe München;dreijährlich;"Bautechnik, Baustoffe, Baumaschinen, Innenausbau (Branche 09); Bergbau, Geodäsie, Geoinformation (Branche 12)";Messe München GmbH;Fachbesucher;421179;3548;1071;2477;605974;337831;268143
bauma - Weltleitmesse für Baumaschinen, Baustoffmaschinen, Bergbaumaschinen, Baufahrzeuge und Baugeräte;bauma;2022;10;24.10.2022;30.10.2022;München;Deutschland;Messe München;dreijährlich;"Bautechnik, Baustoffe, Baumaschinen, Innenausbau (Branche 09); Bergbau, Geodäsie, Geoinformation (Branche 12)";Messe München GmbH;Fachbesucher;390398;3227;1132;2095;495132;268605;226527
bauma - Weltleitmesse für Baumaschinen, Baustoffmaschinen, Bergbaumaschinen, Baufahrzeuge und Baugeräte;bauma;2019;4;08.04.2019;14.04.2019;München;Deutschland;Messe München;dreijährlich;Bautechnik, Baustoffe, Baumaschinen, Innenausbau (Branche 09);Messe München GmbH;Fachbesucher;;;;;;;
bauma CHINA - bauma CHINA - International Trade Fair for Construction Machinery, Building Material Machines, Mining Machines and Construction Vehicles;bauma CHINA;2024;11;26.11.2024;29.11.2024;Shanghai;China, Volksrepublik;SNIEC - Shanghai New International Expo Centre;zweijährlich;Bautechnik, Baustoffe, Baumaschinen, Innenausbau (Branche 09);Messe München GmbH;Fachbesucher;;3542;2839;703;281488;220129;61359
bauma CHINA - bauma CHINA - International Trade Fair for Construction Machinery, Building Material Machines, Mining Machines and Construction Vehicles;bauma CHINA;2020;11;24.11.2020;27.11.2020;Shanghai;China, Volksrepublik;SNIEC - Shanghai New International Expo Centre;zweijährlich;Bautechnik, Baustoffe, Baumaschinen, Innenausbau (Branche 09);Messe München GmbH;Fachbesucher;;;;;;;
bauma CHINA - International Trade Fair for Construction Machinery, Building Material Machines, Mining Machines and Construction Vehicles;bauma CHINA;2018;11;27.11.2018;30.11.2018;Shanghai;China, Volksrepublik;SNIEC - Shanghai New International Expo Centre;zweijährlich;Bautechnik, Baustoffe, Baumaschinen, Innenausbau (Branche 09);Messe München GmbH;Privatbesucher;;;;;;;
ceramitec - Internationale Leitmesse für den Hochleistungswerkstoff Keramik;ceramitec;2026;3;24.03.2026;26.03.2026;München;Deutschland;Messe München;zweijährlich;Bautechnik, Baustoffe, Baumaschinen, Innenausbau (Branche 09);Messe München GmbH;Fachbesucher;;;;;;;
ceramitec - Internationale Leitmesse für die Keramikindustrie;ceramitec;2024;4;09.04.2024;12.04.2024;München;Deutschland;Messe München;zweijährlich;Bautechnik, Baustoffe, Baumaschinen, Innenausbau (Branche 09);Messe München GmbH;Fachbesucher;15045;458;160;298;13692;5971;7721
ceramitec - Internationale Leitmesse für die Keramikindustrie;ceramitec;2022;6;21.06.2022;24.06.2022;München;Deutschland;Messe München;dreijährlich;Bautechnik, Baustoffe, Baumaschinen, Innenausbau (Branche 09);Messe München GmbH;Fachbesucher;12626;340;147;193;9547;4146;5401
ceramitec - Technologies - Innovations - Materials;ceramitec;2018;4;10.04.2018;13.04.2018;München;Deutschland;Messe München;dreijährlich;Bautechnik, Baustoffe, Baumaschinen, Innenausbau (Branche 09);Messe München GmbH;Fachbesucher;;;;;;;
Command Control - Cyber Security Ausstellung und Konferenz;Command Control;2018;9;20.09.2018;22.09.2018;München;Deutschland;ICM Internationales Congress Center;zweijährlich;IT und Kommunikationstechnik, Software (Branche 42);Messe München GmbH;Fachbesucher;;;;;;;
Die 66 - Deutschlands größte 50plus Messe;Die 66;2019;5;03.05.2019;05.05.2019;München;Deutschland;Messe München;jährlich;"Publikums-Mehrbranchenmessen (Branche 04); Tourismus (Branche 82)";Messe München GmbH;Privatbesucher;;;;;;;
Die 66 - Deutschlands größte 50plus Messe;Die 66;2018;4;20.04.2018;22.04.2018;München;Deutschland;Messe München;jährlich;"Publikums-Mehrbranchenmessen (Branche 04); Tourismus (Branche 82)";Messe München GmbH;Privatbesucher;;;;;;;
digitalBAU - Fachmesse für digitale Lösungen in der Baubranche;digitalBAU;2026;3;24.03.2026;26.03.2026;Köln;Deutschland;Messegelände;zweijährlich;"Bautechnik, Baustoffe, Baumaschinen, Innenausbau (Branche 09); IT und Kommunikationstechnik, Software (Branche 42)";Messe München GmbH;Fachbesucher;;;;;;;
digitalBAU - Fachmesse für digitale Lösungen in der Baubranche;digitalBAU;2024;2;20.02.2024;22.02.2024;Köln;Deutschland;Messegelände;zweijährlich;"Bautechnik, Baustoffe, Baumaschinen, Innenausbau (Branche 09); IT und Kommunikationstechnik, Software (Branche 42)";Messe München GmbH;Fachbesucher;5414;277;239;38;8522;7900;622
digitalBAU - Fachmesse für digitale Lösungen in der Baubranche;digitalBAU;2020;2;11.02.2020;13.02.2020;Köln;Deutschland;Messegelände;zweijährlich;"Bautechnik, Baustoffe, Baumaschinen, Innenausbau (Branche 09); IT und Kommunikationstechnik, Software (Branche 42)";Messe München GmbH;Fachbesucher;;;;;;;
digitalBAU conference & networking - Konferenz und Fachmesse für digitale Lösungen in der Baubranche;digitalBAU conference & networking;2023;7;04.07.2023;06.07.2023;München;Deutschland;Messe München;zweijährlich;"Bautechnik, Baustoffe, Baumaschinen, Innenausbau (Branche 09); IT und Kommunikationstechnik, Software (Branche 42)";Messe München GmbH;Fachbesucher;1366;93;74;19;1914;1585;329
drinktec - Weltleitmesse für die Getränke- und Liquid-Food-Industrie, Herstellung + Abfüllung + Verpackung + Marketing;drinktec;2022;9;12.09.2022;16.09.2022;München;Deutschland;Messe München;vierjährlich;Nahrungsmittel- und Verpackungsmaschinen (Branche 61);Messe München GmbH;Fachbesucher;72491;948;335;613;46841;14274;32567
electronica - Komponenten, Systeme, Anwendung und Lösungen - Weltleitmesse und Konferenz der Elektronik (mit Parallelveranstaltung SEMICON Europa);electronica;2024;11;12.11.2024;15.11.2024;München;Deutschland;Messe München;zweijährlich;Elektrotechnik, Elektronik (Branche 22);Messe München GmbH;Fachbesucher;107340;3486;918;2568;80203;37219;42984
electronica - Komponenten, Systeme, Anwendung und Lösungen - Weltleitmesse und Konferenz der Elektronik;electronica;2022;11;15.11.2022;18.11.2022;München;Deutschland;Messe München;zweijährlich;Elektrotechnik, Elektronik (Branche 22);Messe München GmbH;Fachbesucher;79951;2140;805;1335;69783;32352;37431
electronica - Komponenten, Systeme, Anwendung und Lösungen - Weltleitmesse und Konferenz der Elektronik;electronica;2020;11;10.11.2020;13.11.2020;München;Deutschland;Messe München;zweijährlich;Elektrotechnik, Elektronik (Branche 22);Messe München GmbH;Fachbesucher;;;;;;;
electronica - Weltleitmesse für Komponenten, Systeme und Anwendungen der Elektronik;electronica;2018;11;13.11.2018;16.11.2018;München;Deutschland;Messe München;zweijährlich;Elektrotechnik, Elektronik (Branche 22);Messe München GmbH;Fachbesucher;;;;;;;
EXPO REAL - Internationale Fachmesse für Immobilien und Investitionen;EXPO REAL;2025;10;06.10.2025;08.10.2025;München;Deutschland;Messe München;jährlich;Finanzen, Immobilien, Versicherungen (Branche 08);Messe München GmbH;Fachbesucher;40987;1743;1303;440;41737;28026;13711
EXPO REAL - Internationale Fachmesse für Immobilien und Investitionen mit Transform & Beyond;EXPO REAL;2024;10;07.10.2024;09.10.2024;München;Deutschland;Messe München;jährlich;Finanzen, Immobilien, Versicherungen (Branche 08);Messe München GmbH;Fachbesucher;40911;1777;1368;409;39684;26697;12987
EXPO REAL - Internationale Fachmesse für Immobilien und Investitionen;EXPO REAL;2023;10;04.10.2023;06.10.2023;München;Deutschland;Messe München;jährlich;Finanzen, Immobilien, Versicherungen (Branche 08);Messe München GmbH;Fachbesucher;42968;1881;1425;456;40238;29575;10663
EXPO REAL - Internationale Fachmesse für Immobilien und Investitionen;EXPO REAL;2022;10;04.10.2022;06.10.2022;München;Deutschland;Messe München;jährlich;Finanzen, Immobilien, Versicherungen (Branche 08);Messe München GmbH;Fachbesucher;43898;1885;1425;460;36659;24790;11869
EXPO REAL - Internationale Fachmesse für Immobilien und Investitionen;EXPO REAL;2021;10;11.10.2021;13.10.2021;München;Deutschland;Messe München;jährlich;Finanzen, Immobilien, Versicherungen (Branche 08);Messe München GmbH;Fachbesucher;;;;;;;
EXPO REAL - Internationale Fachmesse für Gewerbemmobilien und Investitionen;EXPO REAL;2019;10;07.10.2019;09.10.2019;München;Deutschland;Messe München;jährlich;Finanzen, Immobilien, Versicherungen (Branche 08);Messe München GmbH;Fachbesucher;;;;;;;
EXPO REAL - Internationale Fachmesse für Immobilien und Investitionen;EXPO REAL;2018;10;08.10.2018;10.10.2018;München;Deutschland;Messe München;jährlich;Finanzen, Immobilien, Versicherungen (Branche 08);Messe München GmbH;Fachbesucher;;;;;;;
f.re.e - Die Reise- und Freizeitmesse.;f.re.e;2026;2;18.02.2026;22.02.2026;München;Deutschland;Messe München;jährlich;"Tourismus (Branche 82); Fahrzeuge (Automobile, Nutzfahrzeuge, Motorräder, Caravans, Kfz-Zubehör) (Branche 28)";Messe München GmbH;Privatbesucher;33668;939;486;453;136033;131500;4533
f.re.e - Die Reise- und Freizeitmesse.;f.re.e;2025;2;19.02.2025;23.02.2025;München;Deutschland;Messe München;jährlich;"Tourismus (Branche 82); Fahrzeuge (Automobile, Nutzfahrzeuge, Motorräder, Caravans, Kfz-Zubehör) (Branche 28)";Messe München GmbH;Privatbesucher;36516;952;496;456;124592;120433;4159
f.re.e - Die Reise- und Freizeitmesse.;f.re.e;2024;2;14.02.2024;18.02.2024;München;Deutschland;Messe München;jährlich;"Tourismus (Branche 82); Fahrzeuge (Automobile, Nutzfahrzeuge, Motorräder, Caravans, Kfz-Zubehör) (Branche 28)";Messe München GmbH;Privatbesucher;35384;1015;534;481;147243;143811;3432
f.re.e - Die Reise- und Freizeitmesse.;f.re.e;2023;2;22.02.2023;26.02.2023;München;Deutschland;Messe München;jährlich;"Tourismus (Branche 82); Gesundheit, Wellness, Freizeitgestaltung, Way of Life (Branche 26)";Messe München GmbH;Privatbesucher;31093;872;475;397;163055;158234;4821
f.re.e - Die Reise- und Freizeitmesse.;f.re.e;2020;2;19.02.2020;23.02.2020;München;Deutschland;Messe München;jährlich;"Tourismus (Branche 82); Kreatives Gestalten, DIY, Sammeln (Branche 31)";Messe München GmbH;Fach- und Privatbesucher;;;;;;;
f.re.e - Die Reise- und Freizeitmesse.;f.re.e;2019;2;20.02.2019;24.02.2019;München;Deutschland;Messe München;jährlich;"Tourismus (Branche 82); Kreatives Gestalten, DIY, Sammeln (Branche 31)";Messe München GmbH;Fach- und Privatbesucher;;;;;;;
f.re.e - Die Reise- und Freizeitmesse.;f.re.e;2018;2;21.02.2018;25.02.2018;München;Deutschland;Messe München;jährlich;"Tourismus (Branche 82); Kreatives Gestalten, DIY, Sammeln (Branche 31)";Messe München GmbH;Fach- und Privatbesucher;;;;;;;
FENESTRATION BAU China - Asia Pacific Leading Trade Fair for Building Systems Solutions, High-End Technologies and Materials;FENESTRATION BAU China;2019;11;05.11.2019;08.11.2019;Shanghai;China, Volksrepublik;SNIEC - Shanghai New International Expo Centre;jährlich an wechselnden Orten;Bautechnik, Baustoffe, Baumaschinen, Innenausbau (Branche 09);Messe München GmbH;Fachbesucher;;;;;;;
FENESTRATION BAU China - Internationale Fachmesse für Fenster, Türen, Dachfenster und Fassadentechnik, Baugruppen und Fertigbau;FENESTRATION BAU China;2018;10;31.10.2018;03.11.2018;Peking;China, Volksrepublik;New China International Exhibition Center (NCIEC);jährlich an wechselnden Orten;Bautechnik, Baustoffe, Baumaschinen, Innenausbau (Branche 09);Messe München GmbH;Fachbesucher;;;;;;;
Home & Craft by drinktec;Home & Craft by drinktec;2018;9;28.09.2018;29.09.2018;Stralsund;Deutschland;Störtebeker Braumanufaktur;jährlich;Nahrungs- und Genussmittel (Branche 24);Messe München GmbH;Fach- und Privatbesucher;;;;;;;
IE expo Chengdu - West China's Trade Fair for Environmental Technology Solutions: Water, Waste, Air and Soil;IE expo Chengdu;2025;6;25.06.2025;27.06.2025;Chengdu;China, Volksrepublik;Western China International Expo City;jährlich;"Städtereinigung, Wassertechnik, Entsorgung, Kommunale Dienstleistungen (Branche 45); Umwelt und  Klimaschutz (Branche 86)";Messe München GmbH;Fachbesucher;;;;;;;
IE expo Chengdu - West China's Trade Fair for Environmental Technology Solutions: Water, Waste, Air and Soil;IE expo Chengdu;2024;6;26.06.2024;28.06.2024;Chengdu;China, Volksrepublik;Western China International Expo City;jährlich;"Städtereinigung, Wassertechnik, Entsorgung, Kommunale Dienstleistungen (Branche 45); Umwelt und  Klimaschutz (Branche 86)";Messe München GmbH;Fachbesucher;7024;350;328;22;25000;24978;22
IE expo Chengdu - West China's Trade Fair for Environmental Technology Solutions: Water, Waste, Air and Soil;IE expo Chengdu;2023;7;12.07.2023;14.07.2023;Chengdu;China, Volksrepublik;Western China International Expo City;jährlich;"Städtereinigung, Wassertechnik, Entsorgung, Kommunale Dienstleistungen (Branche 45); Umwelt und  Klimaschutz (Branche 86)";Messe München GmbH;Fachbesucher;10617;450;;;14831;;
IE expo Chengdu - West China's Trade Fair for Environmental Technology Solutions: Water, Waste, Air and Soil;IE expo Chengdu;2021;7;08.07.2021;10.07.2021;Chengdu;China, Volksrepublik;Western China International Expo City;jährlich;"Städtereinigung, Wassertechnik, Entsorgung, Kommunale Dienstleistungen (Branche 45); Umwelt und  Klimaschutz (Branche 86)";Messe München GmbH;Fachbesucher;;;;;;;
IE expo Chengdu - West China's Trade Fair for Environmental Technology Solutions: Water, Waste, Air and Soil;IE expo Chengdu;2020;10;13.10.2020;15.10.2020;Chengdu;China, Volksrepublik;Western China International Expo City;jährlich;"Städtereinigung, Wassertechnik, Entsorgung, Kommunale Dienstleistungen (Branche 45); Umwelt und  Klimaschutz (Branche 86)";Messe München GmbH;Fachbesucher;;;;;;;
IE expo Chengdu - West China's Trade Fair for Environmental Technology Solutions: Water, Waste, Air and Soil;IE expo Chengdu;2019;6;27.06.2019;29.06.2019;Chengdu;China, Volksrepublik;Western China International Expo City;jährlich;"Städtereinigung, Wassertechnik, Entsorgung, Kommunale Dienstleistungen (Branche 45); Umwelt und  Klimaschutz (Branche 86)";Messe München GmbH;Fachbesucher;;;;;;;
IFAT - Weltleitmesse für Wasser-, Abwasser-, Abfall- und Rohstoffwirtschaft;IFAT;2022;5;30.05.2022;03.06.2022;München;Deutschland;Messe München;zweijährlich;"Umwelt und  Klimaschutz (Branche 86); Städtereinigung, Wassertechnik, Entsorgung, Kommunale Dienstleistungen (Branche 45)";Messe München GmbH;Fachbesucher;160109;2984;1464;1520;118826;58812;60014
IFAT - Weltleitmesse für Wasser-, Abwasser-, Abfall- und Rohstoffwirtschaft;IFAT;2018;5;14.05.2018;18.05.2018;München;Deutschland;Messe München;zweijährlich;"Umwelt und  Klimaschutz (Branche 86); Städtereinigung, Wassertechnik, Entsorgung, Kommunale Dienstleistungen (Branche 45)";Messe München GmbH;Fachbesucher;;;;;;;
IFAT impact Business Summit - Weltleitmesse für Wasser-, Abwasser-, Abfall- und Rohstoffwirtschaft;IFAT impact Business Summit;2020;9;08.09.2020;10.09.2020;München;Deutschland;Messe München;zweijährlich;"Umwelt und  Klimaschutz (Branche 86); Städtereinigung, Wassertechnik, Entsorgung, Kommunale Dienstleistungen (Branche 45)";Messe München GmbH;Fachbesucher;;;;;;;
IFAT Munich - Solutions for Water, Recycling and Circularity;IFAT Munich;2026;5;04.05.2026;07.05.2026;München;Deutschland;Messe München;zweijährlich;"Umwelt und  Klimaschutz (Branche 86); Städtereinigung, Wassertechnik, Entsorgung, Kommunale Dienstleistungen (Branche 45)";Messe München GmbH;Fachbesucher;;;;;;;
IFAT Munich - Weltleitmesse für Wasser-, Abwasser-, Abfall- und Rohstoffwirtschaft;IFAT Munich;2024;5;13.05.2024;17.05.2024;München;Deutschland;Messe München;zweijährlich;"Umwelt und  Klimaschutz (Branche 86); Städtereinigung, Wassertechnik, Entsorgung, Kommunale Dienstleistungen (Branche 45)";Messe München GmbH;Fachbesucher;182248;3211;1447;1764;141406;69346;72060
INHORGENTA MUNICH - Internationale Fachmesse für Schmuck, Uhren, Design, Edelsteine und Technologie;INHORGENTA MUNICH;2026;2;20.02.2026;23.02.2026;München;Deutschland;Messe München;jährlich;Geschenkartikel, Uhren, Schmuck, Kunsthandwerk, Festartikel (Branche 34);Messe München GmbH;Fachbesucher;27761;859;382;477;25208;14859;10349
INHORGENTA MUNICH - Internationale Fachmesse für Schmuck, Uhren, Design, Edelsteine und Technologie;INHORGENTA MUNICH;2025;2;21.02.2025;24.02.2025;München;Deutschland;Messe München;jährlich;Geschenkartikel, Uhren, Schmuck, Kunsthandwerk, Festartikel (Branche 34);Messe München GmbH;Fachbesucher;28588;885;414;471;25259;15138;10121
INHORGENTA MUNICH - Internationale Fachmesse für Schmuck, Uhren, Design, Edelsteine und Technologie;INHORGENTA MUNICH;2024;2;16.02.2024;19.02.2024;München;Deutschland;Messe München;jährlich;Geschenkartikel, Uhren, Schmuck, Kunsthandwerk, Festartikel (Branche 34);Messe München GmbH;Fachbesucher;28950;858;428;430;25160;15462;9698
INHORGENTA MUNICH - Internationale Fachmesse für Schmuck, Uhren, Design, Edelsteine und Technologie;INHORGENTA MUNICH;2023;2;24.02.2023;27.02.2023;München;Deutschland;Messe München;jährlich;Geschenkartikel, Uhren, Schmuck, Kunsthandwerk, Festartikel (Branche 34);Messe München GmbH;Fachbesucher;25957;800;406;394;23991;14745;9246
INHORGENTA MUNICH - Internationale Fachmesse für Schmuck, Uhren, Design, Edelsteine und Technologie;INHORGENTA MUNICH;2022;4;08.04.2022;11.04.2022;München;Deutschland;Messe München;jährlich;Geschenkartikel, Uhren, Schmuck, Kunsthandwerk, Festartikel (Branche 34);Messe München GmbH;Fachbesucher;21500;702;380;322;15664;9540;6124
INHORGENTA MUNICH - Internationale Fachmesse für Schmuck, Uhren, Design, Edelsteine und Technologie;INHORGENTA MUNICH;2020;2;14.02.2020;17.02.2020;München;Deutschland;Messe München;jährlich;Geschenkartikel, Uhren, Schmuck, Kunsthandwerk, Festartikel (Branche 34);Messe München GmbH;Fachbesucher;;;;;;;
INHORGENTA MUNICH - Internationale Fachmesse für Schmuck, Uhren, Design, Edelsteine und Technologie;INHORGENTA MUNICH;2019;2;22.02.2019;25.02.2019;München;Deutschland;Messe München;jährlich;Geschenkartikel, Uhren, Schmuck, Kunsthandwerk, Festartikel (Branche 34);Messe München GmbH;Fachbesucher;;;;;;;
INHORGENTA MUNICH - INDIVIDUAL.INSPIRING.INNOVATIVE.;INHORGENTA MUNICH;2018;2;16.02.2018;19.02.2018;München;Deutschland;Messe München;jährlich;Geschenkartikel, Uhren, Schmuck, Kunsthandwerk, Festartikel (Branche 34);Messe München GmbH;Fachbesucher;;;;;;;
INTERFORST - Internationale Leitmesse für Forstwirtschaft und Forsttechnik mit wissenschaftlichen Veranstaltungen und Sonderschauen;INTERFORST;2022;7;17.07.2022;20.07.2022;München;Deutschland;Messe München;vierjährlich;Land- und Forstwirtschaft, Fischereiwirtschaft, Nutztierhaltung, Veterinärmedizin (Branche 49);Messe München GmbH;Fach- und Privatbesucher;41370;350;230;120;31006;25274;5732
INTERFORST - Internationale Leitmesse für Forstwirtschaft und Forsttechnik mit wissenschaftlichen Veranstaltungen und Sonderschauen;INTERFORST;2018;7;18.07.2018;22.07.2018;München;Deutschland;Messe München;vierjährlich;Land- und Forstwirtschaft, Fischereiwirtschaft, Nutztierhaltung, Veterinärmedizin (Branche 49);Messe München GmbH;Fach- und Privatbesucher;;;;;;;
ISPO - Die internationale Leitmesse für Sport;ISPO;2025;11;30.11.2025;02.12.2025;München;Deutschland;Messe München;jährlich;"Sport & Fitness (Branche 74); Bekleidung, Mode, Accessoires (Branche 10)";Messe München GmbH;Fachbesucher * an speziellen Tagen/Zeiten sind Privatbesucher zugelassen;43477;1752;98;1654;22469;7329;15140
ISPO Beijing - The leading sports business platform in the Asia-Pacific region;ISPO Beijing;2018;1;24.01.2018;27.01.2018;Peking;China, Volksrepublik;China National Convention Center;jährlich;"Sport & Fitness (Branche 74); Bekleidung, Mode, Accessoires (Branche 10)";Messe München GmbH;Fachbesucher;;;;;;;
ISPO Munich - Die Leitmesse für Sport Business Professionals;ISPO Munich;2024;12;03.12.2024;05.12.2024;München;Deutschland;Messe München;jährlich;"Sport & Fitness (Branche 74); Bekleidung, Mode, Accessoires (Branche 10)";Messe München GmbH;Fachbesucher * an speziellen Tagen/Zeiten sind Privatbesucher zugelassen;48902;1937;137;1800;27111;7702;19409
ISPO Munich - Die Leitmesse für Sport Business Professionals;ISPO Munich;2023;11;28.11.2023;30.11.2023;München;Deutschland;Messe München;jährlich;"Sport & Fitness (Branche 74); Bekleidung, Mode, Accessoires (Branche 10)";Messe München GmbH;Fachbesucher * an speziellen Tagen/Zeiten sind Privatbesucher zugelassen;62923;2415;169;2246;35155;10479;24676
ISPO Munich - Die Leitmesse für Sport Business Professionals;ISPO Munich;2022;11;28.11.2022;30.11.2022;München;Deutschland;Messe München;jährlich;"Sport & Fitness (Branche 74); Bekleidung, Mode, Accessoires (Branche 10)";Messe München GmbH;Fachbesucher * an speziellen Tagen/Zeiten sind Privatbesucher zugelassen;51322;1539;173;1366;38065;10770;27295
ISPO Munich - Die Leitmesse für Sport Business Professionals;ISPO Munich;2020;1;26.01.2020;29.01.2020;München;Deutschland;Messe München;jährlich;"Sport & Fitness (Branche 74); Bekleidung, Mode, Accessoires (Branche 10)";Messe München GmbH;Fachbesucher;;;;;;;
ISPO MUNICH - Internationale Fachmesse für Sportartikel und Sportmode;ISPO MUNICH;2019;2;03.02.2019;06.02.2019;München;Deutschland;Messe München;jährlich;"Sport & Fitness (Branche 74); Bekleidung, Mode, Accessoires (Branche 10)";Messe München GmbH;Fachbesucher;;;;;;;
ISPO MUNICH - The world's leading sports business platform;ISPO MUNICH;2018;1;28.01.2018;31.01.2018;München;Deutschland;Messe München;jährlich;"Sport & Fitness (Branche 74); Bekleidung, Mode, Accessoires (Branche 10)";Messe München GmbH;Fachbesucher;;;;;;;
ISPO Munich Online - Die Leitmesse für Sport Business Professionals;ISPO Munich Online;2021;2;01.02.2021;05.02.2021;München;Deutschland;Messe München;jährlich;"Sport & Fitness (Branche 74); Bekleidung, Mode, Accessoires (Branche 10)";Messe München GmbH;Fachbesucher;;;;;;;
ISPO SHANGHAI - China's multi-segment sport show in summer;ISPO SHANGHAI;2018;7;05.07.2018;07.07.2018;Shanghai;China, Volksrepublik;SNIEC - Shanghai New International Expo Centre;jährlich;"Sport & Fitness (Branche 74); Bekleidung, Mode, Accessoires (Branche 10)";Messe München GmbH;Fachbesucher;;;;;;;
Laser World of Photonics - Weltleitmesse und Kongress für Komponenten, Systeme und Anwendungen der Optischen Technologien;Laser World of Photonics;2025;6;24.06.2025;27.06.2025;München;Deutschland;Messe München;zweijährlich;"Metallbe- und -verarbeitung, Schweißtechnik (Branche 57); Technische Optik, Lasertechnik (Branche 75)";Messe München GmbH;Fachbesucher;28676;1393;444;949;44854;22968;21886
LASER World of PHOTONICS - Weltleitmesse und Kongress für Komponenten, Systeme und Anwendungen der Optischen Technologien mit World of Quantum;LASER World of PHOTONICS;2023;6;27.06.2023;30.06.2023;München;Deutschland;Messe München;zweijährlich;"Metallbe- und -verarbeitung, Schweißtechnik (Branche 57); Technische Optik, Lasertechnik (Branche 75)";Messe München GmbH;Fachbesucher;26649;1220;432;788;42034;18145;23889
LASER World of PHOTONICS - Weltleitmesse und Kongress für Komponenten, Systeme und Anwendungen der Optischen Technologien;LASER World of PHOTONICS;2022;4;26.04.2022;29.04.2022;München;Deutschland;Messe München;zweijährlich;"Metallbe- und -verarbeitung, Schweißtechnik (Branche 57); Technische Optik, Lasertechnik (Branche 75)";Messe München GmbH;Fachbesucher;25507;888;417;471;14938;9250;5688
LASER World of PHOTONICS - Weltleitmesse und Kongress für Komponenten, Systeme und Anwendungen der Optischen Technologien;LASER World of PHOTONICS;2019;6;24.06.2019;27.06.2019;München;Deutschland;Messe München;zweijährlich;"Technologien, Erfindungen, Innovationen (Branche 78); Metallbe- und -verarbeitung, Schweißtechnik (Branche 57)";Messe München GmbH;Fachbesucher;;;;;;;
LOPEC - Internationale Fachmesse und Kongress für gedruckte Elektronik;LOPEC;2026;2;25.02.2026;26.02.2026;München;Deutschland;ICM Internationales Congress Center;jährlich;"Elektrotechnik, Elektronik (Branche 22); Technologien, Erfindungen, Innovationen (Branche 78)";Messe München GmbH;Fachbesucher;2146;158;64;94;2500;1189;1311
LOPEC - Internationale Fachmesse und Kongress für gedruckte Elektronik;LOPEC;2025;2;26.02.2025;27.02.2025;München;Deutschland;ICM Internationales Congress Center;jährlich;"Elektrotechnik, Elektronik (Branche 22); Technologien, Erfindungen, Innovationen (Branche 78)";Messe München GmbH;Fachbesucher;2214;169;76;93;2331;1115;1216
LOPEC - Internationale Fachmesse und Kongress für gedruckte Elektronik;LOPEC;2024;3;06.03.2024;07.03.2024;München;Deutschland;ICM Internationales Congress Center;jährlich;"Elektrotechnik, Elektronik (Branche 22); Technologien, Erfindungen, Innovationen (Branche 78)";Messe München GmbH;Fachbesucher;2599;176;72;104;2380;1078;1302
LOPEC - Internationale Fachmesse und Kongress für gedruckte Elektronik;LOPEC;2023;3;01.03.2023;02.03.2023;München;Deutschland;ICM Internationales Congress Center;jährlich;"Elektrotechnik, Elektronik (Branche 22); Oberflächentechnik (Branche 63)";Messe München GmbH;Fachbesucher;2329;167;63;104;2449;1092;1357
LOPEC - Internationale Fachmesse und Kongress für gedruckte Elektronik;LOPEC;2022;3;22.03.2022;24.03.2022;München;Deutschland;ICM Internationales Congress Center;jährlich;"Elektrotechnik, Elektronik (Branche 22); Oberflächentechnik (Branche 63)";Messe München GmbH;Fachbesucher;2109;156;65;91;1856;821;1035
LOPEC - Internationale Fachmesse und Kongress für gedruckte Elektronik;LOPEC;2021;3;23.03.2021;25.03.2021;München;Deutschland;ICM Internationales Congress Center;jährlich;"Elektrotechnik, Elektronik (Branche 22); Oberflächentechnik (Branche 63)";Messe München GmbH;Fach- und Privatbesucher;;;;;;;
LOPEC - Internationale Fachmesse und Kongress für gedruckte Elektronik;LOPEC;2019;3;20.03.2019;21.03.2019;München;Deutschland;ICM Internationales Congress Center;jährlich;"Elektrotechnik, Elektronik (Branche 22); Oberflächentechnik (Branche 63)";Messe München GmbH;Fach- und Privatbesucher;;;;;;;
LOPEC - Internationale Fachmesse und Kongress für gedruckte Elektronik;LOPEC;2018;3;14.03.2018;15.03.2018;München;Deutschland;ICM Internationales Congress Center;jährlich;"Elektrotechnik, Elektronik (Branche 22); Oberflächentechnik (Branche 63)";Messe München GmbH;Fach- und Privatbesucher;;;;;;;
OutDoor by ISPO - Europas größte Outdoor-Messe;OutDoor by ISPO;2026;5;Mai 2.2026;6;München;Deutschland;Messe München;jährlich;"Sport & Fitness (Branche 74); Gesundheit, Wellness, Freizeitgestaltung, Way of Life (Branche 26)";Messe München GmbH;Fachbesucher;;;;;;;
OutDoor by ISPO - Europas größte Outdoor-Messe;OutDoor by ISPO;2025;5;19.05.2025;21.05.2025;München;Deutschland;Messe München;jährlich;"Sport & Fitness (Branche 74); Gesundheit, Wellness, Freizeitgestaltung, Way of Life (Branche 26)";Messe München GmbH;Fachbesucher;;;;;;;
OutDoor by ISPO - Europas größte Outdoor-Messe;OutDoor by ISPO;2024;6;03.06.2024;05.06.2024;München;Deutschland;Messe München;jährlich;"Sport & Fitness (Branche 74); Gesundheit, Wellness, Freizeitgestaltung, Way of Life (Branche 26)";Messe München GmbH;Fachbesucher;16785;595;102;493;7643;2679;4964
OutDoor by ISPO - Europas größte Outdoor-Messe;OutDoor by ISPO;2023;6;04.06.2023;06.06.2023;München;Deutschland;M,O,C,;jährlich;"Sport & Fitness (Branche 74); Gesundheit, Wellness, Freizeitgestaltung, Way of Life (Branche 26)";Messe München GmbH;Fachbesucher;14839;666;108;558;8389;3094;5295
OutDoor by ISPO - Europas größte Outdoor-Messe;OutDoor by ISPO;2022;6;12.06.2022;14.06.2022;München;Deutschland;Messe München;jährlich;"Sport & Fitness (Branche 74); Gesundheit, Wellness, Freizeitgestaltung, Way of Life (Branche 26)";Messe München GmbH;Fachbesucher;8497;310;97;213;7670;2934;4736
OutDoor by ISPO;OutDoor by ISPO;2019;6;30.06.2019;03.07.2019;München;Deutschland;Messe München;jährlich;"Sport & Fitness (Branche 74); Kreatives Gestalten, DIY, Sammeln (Branche 31)";Messe München GmbH;Fachbesucher;;;;;;;
productronica - Weltleitmesse für Entwicklung und Fertigung von Elektronik (mit Parallelveranstaltung SEMICON Europa);productronica;2025;11;18.11.2025;21.11.2025;München;Deutschland;Messe München;zweijährlich;"Elektrotechnik, Elektronik (Branche 22); C-Techniken, Fertigungsautomatisierung, Mess-, Regel- und Steuertechnik (Branche 19)";Messe München GmbH;Fachbesucher;56636;1686;708;978;47696;20153;27543
productronica - Weltleitmesse für Entwicklung und Fertigung von Elektronik (mit Parallelveranstaltung SEMICON Europa);productronica;2023;11;14.11.2023;17.11.2023;München;Deutschland;Messe München;zweijährlich;"Elektrotechnik, Elektronik (Branche 22); C-Techniken, Fertigungsautomatisierung, Mess-, Regel- und Steuertechnik (Branche 19)";Messe München GmbH;Fachbesucher;49832;1401;633;768;42275;18216;24059
productronica - Weltleitmesse für Entwicklung und Fertigung von Elektronik;productronica;2021;11;16.11.2021;19.11.2021;München;Deutschland;Messe München;zweijährlich;"Elektrotechnik, Elektronik (Branche 22); C-Techniken, Fertigungsautomatisierung, Mess-, Regel- und Steuertechnik (Branche 19)";Messe München GmbH;Fach- und Privatbesucher;;;;;;;
productronica - Weltleitmesse für Entwicklung und Fertigung von Elektronik;productronica;2019;11;12.11.2019;15.11.2019;München;Deutschland;Messe München;zweijährlich;"Elektrotechnik, Elektronik (Branche 22); C-Techniken, Fertigungsautomatisierung, Mess-, Regel- und Steuertechnik (Branche 19)";Messe München GmbH;Fach- und Privatbesucher;;;;;;;
transport logistic / air cargo Europe - Internationale Fachmesse für Logistik, Mobilität, IT und Supply Chain Management;transport logistic / air cargo Europe;2025;6;02.06.2025;05.06.2025;München;Deutschland;Messe München;zweijährlich;"Transport und Verkehr (Branche 83); Logistik, Antriebs-, Förder- und Lagertechnik (Branche 55)";Messe München GmbH;Fachbesucher;88856;2719;918;1801;77626;36133;41493
transport logistic / air cargo Europe - Internationale Fachmesse für Logistik, Mobilität, IT und Supply Chain Management;transport logistic / air cargo Europe;2023;5;09.05.2023;12.05.2023;München;Deutschland;Messe München;zweijährlich;"Transport und Verkehr (Branche 83); Logistik, Antriebs-, Förder- und Lagertechnik (Branche 55)";Messe München GmbH;Fachbesucher;77845;2320;929;1391;75649;37094;38555
transport logistic / air cargo EUROPE - Internationale Fachmesse für Logistik, Mobilität, IT und Supply Chain Managament;transport logistic / air cargo EUROPE;2021;5;04.05.2021;06.05.2021;München;Deutschland;Messe München;zweijährlich;"Transport und Verkehr (Branche 83); Logistik, Antriebs-, Förder- und Lagertechnik (Branche 55)";Messe München GmbH;Fachbesucher;;;;;;;
transport logistic / air cargo EUROPE - Internationale Fachmesse für Logistik, Mobilität, IT und Supply Chain Management;transport logistic / air cargo EUROPE;2019;6;04.06.2019;07.06.2019;München;Deutschland;Messe München;zweijährlich;"Transport und Verkehr (Branche 83); Logistik, Antriebs-, Förder- und Lagertechnik (Branche 55)";Messe München GmbH;Fachbesucher;;;;;;;
transport logistic Americas & air cargo Americas;transport logistic Americas & air cargo Americas;2025;11;11.11.2025;13.11.2025;Miami Beach;USA;Miami Beach Convention Center;zweijährlich;"Transport und Verkehr (Branche 83); Logistik, Antriebs-, Förder- und Lagertechnik (Branche 55)";Messe München GmbH;Fachbesucher;;143;95;48;6345;4444;1901
transport logistic Americas & Air Cargo Forum;transport logistic Americas & Air Cargo Forum;2022;11;08.11.2022;10.11.2022;Miami Beach;USA;Miami Beach Convention Center;zweijährlich;"Transport und Verkehr (Branche 83); Logistik, Antriebs-, Förder- und Lagertechnik (Branche 55)";Messe München GmbH;Fachbesucher;3781;218;63;155;6111;3518;2593
World of Quantum - Internationale Fachmesse für Quantentechnologien;World of Quantum;2025;6;24.06.2025;27.06.2025;München;Deutschland;Messe München;zweijährlich;"Energiewirtschaft (konventionelle und erneuerbare Energien) (Branche 23); Technologien, Erfindungen, Innovationen (Branche 78)";Messe München GmbH;Fachbesucher;3326;160;102;58;24232;13772;10460
World of QUANTUM - Internationale Fachmesse für Quantentechnologien;World of QUANTUM;2023;6;27.06.2023;30.06.2023;München;Deutschland;Messe München;zweijährlich;Energiewirtschaft (konventionelle und erneuerbare Energien) (Branche 23);Messe München GmbH;Fachbesucher;2701;86;48;38;17249;8532;8717
analytica Hanoi - International Trade Fair for Laboratory Technology, Analysis, Biotechnology and Diagnostics;analytica Hanoi;2026;4;22.04.2026;24.04.2026;Hanoi;Vietnam;Hanoi International Center for Exhibition (I.C.E.);zweijährlich;Labortechnik, Biotechnologie (Branche 64);MMI ASIA PTE LTD.;Fachbesucher;;;;;;;
analytica Vietnam - International Trade Fair for Laboratory Technology, Analysis, Biotechnology and Diagnostics;analytica Vietnam;2025;4;02.04.2025;04.04.2025;Ho-Chi-Minh-Stadt;Vietnam;SECC - Saigon Exhibition & Convention Center;zweijährlich;Labortechnik, Biotechnologie (Branche 64);MMI ASIA PTE LTD.;Fachbesucher;2702;191;61;130;5907;5423;484
ASEAN Ceramics;ASEAN Ceramics;2025;10;15.10.2025;17.10.2025;Bangkok;Thailand;BITEC Bangkok International Trade & Exhibition Centre;zweijährlich;Bautechnik, Baustoffe, Baumaschinen, Innenausbau (Branche 09);MMI ASIA PTE LTD.;Fachbesucher;;70;8;62;1663;1270;393
ASEAN Ceramics;ASEAN Ceramics;2023;11;28.11.2023;30.11.2023;Hanoi;Vietnam;Hanoi International Center for Exhibition (I.C.E.);zweijährlich;Bautechnik, Baustoffe, Baumaschinen, Innenausbau (Branche 09);MMI ASIA PTE LTD.;Fachbesucher;1567;112;;;3000;;
ASEAN Ceramics;ASEAN Ceramics;2022;11;30.11.2022;02.12.2022;Bangkok;Thailand;BITEC Bangkok International Trade & Exhibition Centre;zweijährlich;Bautechnik, Baustoffe, Baumaschinen, Innenausbau (Branche 09);MMI ASIA PTE LTD.;Fachbesucher;657;60;12;48;1135;925;210
ASEAN Ceramics Vietnam;ASEAN Ceramics Vietnam;2024;12;11.12.2024;13.12.2024;Ho-Chi-Minh-Stadt;Vietnam;SECC - Saigon Exhibition & Convention Center;zweijährlich;Bautechnik, Baustoffe, Baumaschinen, Innenausbau (Branche 09);MMI ASIA PTE LTD.;Fachbesucher;1530;124;7;117;3472;2960;512
EXPO REAL Asia Pacific;EXPO REAL Asia Pacific;2026;6;15.06.2026;17.06.2026;Singapur;Singapur;Suntec Singapore Convention & Exhibition Centre;zweijährlich;Finanzen, Immobilien, Versicherungen (Branche 08);MMI ASIA PTE LTD.;Fachbesucher;;;;;;;
Glasstech Asia / Fenestration Asia - International Glass Products, Glass Manufacturing, Processing & Materials Exhibition;Glasstech Asia / Fenestration Asia;2025;11;06.11.2025;09.11.2025;Jakarta;Indonesien;ICE Indonesia Convention Exhibition;jährlich an wechselnden Orten;Bautechnik, Baustoffe, Baumaschinen, Innenausbau (Branche 09);MMI ASIA PTE LTD.;Fachbesucher;;140;14;126;3265;2916;349
Glasstech Asia / Fenestration Asia - International Glass Products, Glass Manufacturing, Processing & Materials Exhibition;Glasstech Asia / Fenestration Asia;2024;12;11.12.2024;13.12.2024;Ho-Chi-Minh-Stadt;Vietnam;SECC - Saigon Exhibition & Convention Center;jährlich an wechselnden Orten;Bautechnik, Baustoffe, Baumaschinen, Innenausbau (Branche 09);MMI ASIA PTE LTD.;Fachbesucher;2541;250;130;120;4068;1728;2340
Glasstech Asia / Fenestration Asia - International Glass Products, Glass Manufacturing, Processing & Materials Exhibition;Glasstech Asia / Fenestration Asia;2023;11;29.11.2023;01.12.2023;Bangkok;Thailand;IMPACT Muang Thong Thani;jährlich an wechselnden Orten;Bautechnik, Baustoffe, Baumaschinen, Innenausbau (Branche 09);MMI ASIA PTE LTD.;Fachbesucher;2193;168;14;154;3000;1092;1908
transport logistic Southeast Asia - Exhibition for logistics, mobility, IT and supply chain management;transport logistic Southeast Asia;2023;11;01.11.2023;03.11.2023;Singapur;Singapur;Marina Bay Sands Expo and Convention Center;zweijährlich;"Transport und Verkehr (Branche 83); Logistik, Antriebs-, Förder- und Lagertechnik (Branche 55)";MMI ASIA PTE LTD.;;2559;135;;;7300;;
transport logistic Southeast Asia & air cargo Southeast Asia - Exhibition for logistics, mobility, IT and supply chain management;transport logistic Southeast Asia & air cargo Southeast Asia;2025;10;29.10.2025;31.10.2025;Singapur;Singapur;Marina Bay Sands Expo and Convention Center;zweijährlich;"Transport und Verkehr (Branche 83); Logistik, Antriebs-, Förder- und Lagertechnik (Branche 55)";MMI ASIA PTE LTD.;;;120;43;77;8149;4953;3196
analytica Vietnam - International Trade Fair for Laboratory Technology, Analysis, Biotechnology and Diagnostics;analytica Vietnam;2023;4;19.04.2023;21.04.2023;Ho-Chi-Minh-Stadt;Vietnam;SECC - Saigon Exhibition & Convention Center;zweijährlich;Labortechnik, Biotechnologie (Branche 64);MMI Asia Pte. Ltd.;Fachbesucher;2077;141;56;85;5273;4813;460
electronicAsia;electronicAsia;2025;10;13.10.2025;16.10.2025;Hongkong;Hongkong, China SVR;Hong Kong Convention and Exhibition Centre;jährlich;Elektrotechnik, Elektronik (Branche 22);MMI Asia Pte. Ltd. Hong Kong Branch Office;Fachbesucher;;;;;;;
Glasstech Asia / Fenestration Asia - International Glass Products, Glass Manufacturing, Processing & Materials Exhibition;Glasstech Asia / Fenestration Asia;2022;10;26.10.2022;28.10.2022;Singapur;Singapur;Marina Bay Sands Expo and Convention Center;jährlich an wechselnden Orten;Bautechnik, Baustoffe, Baumaschinen, Innenausbau (Branche 09);MMI Asia Pte. Ltd. Hong Kong Branch Office;Fachbesucher;1626;37;21;16;2300;1496;804
Glasstech Asia Online / Fenestration Asia - International Glass Products, Glass Manufacturing, Processing & Materials Exhibition;Glasstech Asia Online / Fenestration Asia;2020;11;17.11.2020;19.11.2020;Bangkok;Thailand;IMPACT Muang Thong Thani;jährlich an wechselnden Orten;Bautechnik, Baustoffe, Baumaschinen, Innenausbau (Branche 09);MMI Asia Pte. Ltd. Hong Kong Branch Office;Fachbesucher;;;;;;;